fecha,clorofila,fosforo,carbono_inorg_dislto,hierro,nitrato,silicato
2021-11-01,0.17168456,0.0013722762,1.9216788,0.008169455,0.013862865,2.987902
2021-11-02,0.1720689,0.0014796071,1.9201756,0.008216671,0.014904214,2.9711592
2021-11-03,0.17866847,0.00169414,1.9186722,0.008072407,0.020270143,2.9503584
2021-11-04,0.18954743,0.0014918125,1.9171689,0.007859893,0.019041985,2.9716954
2021-11-05,0.18818451,0.00133956,1.9156655,0.007842513,0.016373537,2.990667
2021-11-06,0.1867907,0.0014715156,1.9141622,0.007898205,0.015741248,2.9877808
2021-11-07,0.18666013,0.0018570448,1.9156773,0.007934726,0.014722776,2.9767284
2021-11-08,0.18554665,0.002428174,1.9171923,0.00789705,0.014325776,2.9727137
2021-11-09,0.18526782,0.002750922,1.9187076,0.007878057,0.015115053,2.9722185
2021-11-10,0.18343754,0.0030877674,1.9202226,0.007896389,0.015562792,2.97086
2021-11-11,0.18173093,0.0032364521,1.9217377,0.007882962,0.01669716,2.9808753
2021-11-12,0.18068622,0.0030371544,1.9232528,0.007829466,0.018184422,3.0056298
2021-11-13,0.18130095,0.0027378965,1.924768,0.00781588,0.02114966,3.021702
2021-11-14,0.1839214,0.0023471944,1.9204066,0.007835322,0.02533982,3.0107586
2021-11-15,0.18693168,0.0022575122,1.9160453,0.007663373,0.02332931,2.987061
2021-11-16,0.19284602,0.0021835482,1.9116839,0.007559922,0.022679705,2.9610808
2021-11-17,0.19946063,0.0018238027,1.9073225,0.0076341443,0.025255589,2.9470577
2021-11-18,0.20178217,0.0013983246,1.9029613,0.007729687,0.02419909,2.9603992
2021-11-19,0.19868845,0.0012109829,1.8985999,0.007823725,0.02267981,2.9688926
2021-11-20,0.19309781,0.0014436541,1.8942385,0.007810196,0.01798075,2.9705393
2021-11-21,0.19136104,0.0015835133,1.8953781,0.007826442,0.017806254,2.9776258
2021-11-22,0.19163075,0.001585942,1.8965179,0.007872962,0.0183229,2.9789221
2021-11-23,0.18835412,0.0015922327,1.8976575,0.007914915,0.017906189,2.9718049
2021-11-24,0.18650873,0.0021931077,1.8987973,0.007824557,0.015754573,2.9634464
2021-11-25,0.1876742,0.002345299,1.8999369,0.0078019085,0.017750923,2.9512901
2021-11-26,0.18958083,0.002568604,1.9010766,0.007797772,0.016864214,2.938658
2021-11-27,0.19832721,0.0033616533,1.9022163,0.0078020077,0.017831825,2.9235594
2021-11-28,0.20538777,0.003404342,1.9031918,0.007869155,0.018661622,2.9096801
2021-11-29,0.1999486,0.0033678347,1.9041674,0.007921619,0.017217439,2.8999352
2021-11-30,0.19420116,0.003269926,1.9051429,0.007988812,0.016596122,2.8923352
2021-12-01,0.19040333,0.0032631843,1.9061186,0.008043519,0.017380398,2.8886747
2021-12-02,0.18808271,0.0032043585,1.9070941,0.008092758,0.017660817,2.8824408
2021-12-03,0.18680428,0.00306186,1.9080697,0.00818538,0.018848928,2.8695366
2021-12-04,0.18870227,0.0030555942,1.9090453,0.008280291,0.017721716,2.8496
2021-12-05,0.19292341,0.0031555968,1.9100376,0.008442469,0.017730342,2.8199732
2021-12-06,0.19511148,0.0031478223,1.9110299,0.008536969,0.018140815,2.7953174
2021-12-07,0.19533913,0.0032675082,1.9120224,0.008529673,0.016574986,2.7777274
2021-12-08,0.19892506,0.003702466,1.9130147,0.008517977,0.015687766,2.7608607
2021-12-09,0.2111115,0.0041486598,1.914007,0.00849042,0.015253699,2.7470047
2021-12-10,0.22219002,0.0048766905,1.9149994,0.008311139,0.013721771,2.7513156
2021-12-11,0.22762644,0.0053198147,1.9159917,0.008186611,0.01420924,2.759478
2021-12-12,0.22878495,0.005525048,1.9159437,0.00808965,0.013755374,2.763936
2021-12-13,0.2305445,0.0057238885,1.9158956,0.008063154,0.015270386,2.763748
2021-12-14,0.23663336,0.0058250874,1.9158475,0.008006301,0.015330603,2.7641182
2021-12-15,0.2508458,0.0062956507,1.9157995,0.00789901,0.014887452,2.7707798
2021-12-16,0.27214262,0.006524114,1.9157515,0.007862425,0.015942,2.7799864
2021-12-17,0.28057706,0.0063699335,1.9157033,0.007877234,0.015779536,2.7883842
2021-12-18,0.27655813,0.006164236,1.9156554,0.008025371,0.017405303,2.7810645
2021-12-19,0.2700741,0.005941295,1.9157962,0.008234123,0.018840304,2.7611203
2021-12-20,0.26693273,0.005766734,1.9159368,0.008419381,0.018761694,2.735699
2021-12-21,0.2680828,0.005714974,1.9160776,0.0085151335,0.017806968,2.7130182
2021-12-22,0.26934752,0.005653408,1.9162184,0.008520244,0.017774161,2.6952734
2021-12-23,0.26250175,0.0057255537,1.9163592,0.008571599,0.018053543,2.680987
2021-12-24,0.25347093,0.005774698,1.9165,0.008639101,0.018811358,2.6702404
2021-12-25,0.24812983,0.0058693197,1.9166406,0.008630168,0.018740429,2.6634145
2021-12-26,0.24706565,0.006110732,1.9176289,0.008610611,0.018147245,2.6570966
2021-12-27,0.24766175,0.006196525,1.9186171,0.00868238,0.019091416,2.646036
2021-12-28,0.24551408,0.0061466293,1.9196053,0.00876355,0.02046363,2.6346111
2021-12-29,0.24292888,0.006129751,1.9205934,0.008798829,0.019857949,2.6242049
2021-12-30,0.24230868,0.0061938767,1.9215817,0.008819953,0.019122193,2.6147828
2021-12-31,0.24425817,0.006248213,1.9225699,0.008778934,0.018457737,2.6075532
2022-01-01,0.25157043,0.0061595584,1.9235581,0.008753484,0.01835068,2.5994444
2022-01-02,0.26201293,0.0060867034,1.9245256,0.008754513,0.017645275,2.5929627
2022-01-03,0.27263036,0.0060928143,1.9254932,0.008606824,0.017928286,2.5963252
2022-01-04,0.28810462,0.0070154807,1.9264607,0.008058952,0.016627396,2.636276
2022-01-05,0.31288356,0.0071641654,1.9274282,0.007823081,0.017304273,2.6644232
2022-01-06,0.3180059,0.0069874483,1.9283957,0.007904854,0.01808587,2.6661773
2022-01-07,0.31361094,0.0068921912,1.9293634,0.007937634,0.017578734,2.6604795
2022-01-08,0.31613836,0.007133527,1.930331,0.007874199,0.017273074,2.66885
2022-01-09,0.323627,0.007353741,1.9315376,0.0077357474,0.016980194,2.6943758
2022-01-10,0.33299008,0.0074917437,1.9327441,0.0076130866,0.01668983,2.7231412
2022-01-11,0.3445029,0.0074846293,1.9339508,0.007528178,0.017368829,2.7436693
2022-01-12,0.35192293,0.00730126,1.9351574,0.0073739756,0.01736971,2.7667778
2022-01-13,0.35311893,0.0071429773,1.936364,0.0073413523,0.018328937,2.7799904
2022-01-14,0.35029334,0.0069872458,1.9375706,0.007486025,0.019977039,2.7784262
2022-01-15,0.3392477,0.006769745,1.9387772,0.007639689,0.020344548,2.7704704
2022-01-16,0.33565676,0.006987843,1.9395679,0.007737909,0.018746173,2.76039
2022-01-17,0.36452073,0.0078778835,1.9403585,0.00773645,0.019030374,2.7683103
2022-01-18,0.38510263,0.008201161,1.9411494,0.0077144927,0.020790918,2.777304
2022-01-19,0.3770411,0.008161345,1.94194,0.007705584,0.021214848,2.7753596
2022-01-20,0.36387,0.008062283,1.9427307,0.0077381907,0.021274174,2.7686832
2022-01-21,0.35849532,0.007916519,1.9435213,0.007821426,0.022118839,2.758501
2022-01-22,0.35931948,0.007622242,1.944312,0.007879537,0.0221775,2.7488794
2022-01-23,0.35512713,0.0071587954,1.9454986,0.007765029,0.020998942,2.7452538
2022-01-24,0.34357685,0.006808779,1.946685,0.007678746,0.020871997,2.7408676
2022-01-25,0.33268124,0.006570829,1.9478714,0.0077762436,0.021271586,2.7295325
2022-01-26,0.32169962,0.006337094,1.949058,0.007921318,0.021297688,2.7135267
2022-01-27,0.3144681,0.0061948723,1.9502445,0.00792384,0.020472353,2.7067924
2022-01-28,0.30948475,0.006130628,1.951431,0.007928679,0.020670239,2.7005038
2022-01-29,0.31801298,0.006669618,1.9526175,0.007790929,0.020653103,2.7048938
2022-01-30,0.40061358,0.0082313595,1.9534798,0.0072983014,0.022627827,2.7735102
2022-01-31,0.4258074,0.0078848535,1.9543419,0.007185802,0.023507277,2.794083
2022-02-01,0.4184218,0.007551034,1.9552041,0.0071585444,0.02257392,2.7996733
2022-02-02,0.40245345,0.007252889,1.9560664,0.0072466135,0.022632666,2.7942026
2022-02-03,0.3753976,0.0067907716,1.9569286,0.0074530207,0.023999399,2.7737572
2022-02-04,0.3506372,0.0063561155,1.9577907,0.007597517,0.022346606,2.750964
2022-02-05,0.3392392,0.0061130836,1.958653,0.007641865,0.02281463,2.7385182
2022-02-06,0.35166904,0.0064774724,1.9581895,0.0076168617,0.020973252,2.7413418
2022-02-07,0.36085084,0.0064334217,1.957726,0.0077140937,0.022621347,2.7378018
2022-02-08,0.35344207,0.006302589,1.9572624,0.007823925,0.022624848,2.726753
2022-02-09,0.3566065,0.0064922827,1.9567989,0.007878441,0.02239653,2.7181234
2022-02-10,0.36998078,0.006799779,1.9563354,0.007907478,0.02413346,2.715796
2022-02-11,0.36440352,0.0065750256,1.9558719,0.008008577,0.026462244,2.7012517
2022-02-12,0.34390604,0.0061412402,1.9554083,0.008123343,0.02688465,2.678227
2022-02-13,0.33257014,0.0059573017,1.9562589,0.008219666,0.027838418,2.6529915
2022-02-14,0.3474118,0.0067649195,1.9571095,0.007854108,0.02614562,2.6739893
2022-02-15,0.43059814,0.008716845,1.95796,0.007445246,0.028362965,2.7395957
2022-02-16,0.50586504,0.008601654,1.9588104,0.0074468097,0.030476857,2.7659063
2022-02-17,0.49161324,0.007534729,1.9596611,0.0076129716,0.030833853,2.7497194
2022-02-18,0.4453226,0.0067474227,1.9605117,0.0077747884,0.02813232,2.7236238
2022-02-19,0.40934393,0.006173594,1.9613622,0.007912426,0.027034845,2.7006853
2022-02-20,0.38434145,0.0057555055,1.9634924,0.00797582,0.025289265,2.6834762
2022-02-21,0.36340383,0.0054027215,1.9656224,0.007951525,0.023431487,2.676551
2022-02-22,0.34635386,0.0051886947,1.9677526,0.007884183,0.02203829,2.6773605
2022-02-23,0.334066,0.00508765,1.9698826,0.00780224,0.021206453,2.6823514
2022-02-24,0.3305438,0.0051990175,1.9720128,0.00758699,0.019653523,2.704211
2022-02-25,0.33164886,0.0053350613,1.9741429,0.0073665846,0.0185269,2.729009
2022-02-26,0.33639827,0.0055275243,1.9762731,0.0071991165,0.018475661,2.7491574
2022-02-27,0.3326405,0.0054723937,1.9781926,0.0071659237,0.020165717,2.7556655
2022-02-28,0.319943,0.0052955523,1.9801122,0.0072361506,0.021658596,2.7458143
2022-03-01,0.30840918,0.005041096,1.9820317,0.0073271706,0.022058625,2.7294815
2022-03-02,0.29412177,0.0047534877,1.9839512,0.007361995,0.021283932,2.7159934
2022-03-03,0.284207,0.004690509,1.9858707,0.0072833244,0.019154426,2.7107077
2022-03-04,0.280059,0.0047627357,1.9877903,0.007234589,0.019366441,2.7109132
2022-03-05,0.2782387,0.004777492,1.9897099,0.007257501,0.020064544,2.7095575
2022-03-06,0.2800969,0.004879777,1.9903232,0.007220875,0.019440478,2.71203
2022-03-07,0.28106177,0.004868971,1.9909365,0.0072370735,0.02010152,2.712496
2022-03-08,0.27716652,0.0046591978,1.9915498,0.0073737623,0.021335695,2.703885
2022-03-09,0.27188492,0.0043885857,1.9921632,0.007555972,0.021194264,2.6904495
2022-03-10,0.2647762,0.0041108774,1.9927765,0.00775026,0.020904953,2.6733751
2022-03-11,0.2549635,0.0038153613,1.9933898,0.007907653,0.021118287,2.6542876
2022-03-12,0.2471763,0.003576341,1.9940032,0.008011552,0.020232122,2.6369662
2022-03-13,0.24447942,0.0035490524,1.9955369,0.007848428,0.017765818,2.6327646
2022-03-14,0.24635354,0.0035733876,1.9970706,0.0075282706,0.016696768,2.646905
2022-03-15,0.25025123,0.0037918407,1.9986043,0.00728479,0.015018989,2.6722224
2022-03-16,0.25053644,0.0039292667,2.0001378,0.007187024,0.015297624,2.6881375
2022-03-17,0.24533035,0.003959073,2.0016718,0.007186171,0.016111206,2.6920278
2022-03-18,0.24141976,0.0040315157,2.0032053,0.0071789613,0.01590586,2.6934652
2022-03-19,0.23945352,0.0040657884,2.0047393,0.0072346763,0.016124496,2.689755
2022-03-20,0.24246012,0.0042701275,2.0054886,0.007164718,0.01392752,2.6922786
2022-03-21,0.2627419,0.004933693,2.0062382,0.00688992,0.013678646,2.715878
2022-03-22,0.26934773,0.005097656,2.0069878,0.006752028,0.014494769,2.7256775
2022-03-23,0.26054308,0.0049287677,2.0077374,0.006814797,0.015826525,2.7190204
2022-03-24,0.24665941,0.004671279,2.008487,0.0070316824,0.016846836,2.7018454
2022-03-25,0.25700182,0.005440306,2.0092366,0.007071371,0.015681522,2.7003775
2022-03-26,0.30841494,0.0064103147,2.0099862,0.0070071463,0.017406965,2.7236788
2022-03-27,0.34883383,0.0070814793,2.0100346,0.0069273403,0.017917478,2.7473664
2022-03-28,0.37037912,0.007247608,2.0100832,0.006885003,0.018583814,2.7618241
2022-03-29,0.36120313,0.006895417,2.0101316,0.0068854485,0.019440645,2.7589498
2022-03-30,0.33504474,0.006514926,2.0101802,0.0068698907,0.018423244,2.7509038
2022-03-31,0.29689035,0.006104937,2.0102289,0.006993171,0.018709546,2.7326434
2022-04-01,0.26461303,0.0057145325,2.0102775,0.007207667,0.019468019,2.7093728
2022-04-02,0.24195722,0.0053541306,2.0103261,0.0073594446,0.019083545,2.6868837
2022-04-03,0.22757833,0.005027714,2.0108664,0.0074644424,0.018188592,2.6673515
2022-04-04,0.21669774,0.0047120834,2.0114071,0.0075279274,0.017605318,2.651367
2022-04-05,0.20715827,0.004475139,2.0119474,0.0075273835,0.01698008,2.638275
2022-04-06,0.19791754,0.0042205523,2.012488,0.0075678052,0.017859796,2.6251373
2022-04-07,0.18914315,0.0039635967,2.0130284,0.0075753084,0.017649809,2.6122463
2022-04-08,0.18678541,0.0040230225,2.0135689,0.0074250163,0.014941821,2.6059046
2022-04-09,0.20023684,0.0051440275,2.0141094,0.006948386,0.0124471625,2.6200302
2022-04-10,0.24368237,0.006271415,2.0152373,0.0064780656,0.012476146,2.6583848
2022-04-11,0.26845458,0.006421525,2.0163653,0.0062999837,0.013446044,2.682947
2022-04-12,0.26465595,0.006164448,2.0174932,0.0063086357,0.014150136,2.6883426
2022-04-13,0.25174305,0.0059362045,2.0186212,0.006384521,0.014461154,2.6866584
2022-04-14,0.23535666,0.005645953,2.0197494,0.006538217,0.015287931,2.6795611
2022-04-15,0.21879727,0.005359949,2.0208774,0.0066841217,0.014835319,2.669948
2022-04-16,0.20804647,0.0052375486,2.0220053,0.0067232857,0.013501746,2.6640666
2022-04-17,0.20046856,0.005170898,2.0223815,0.006754886,0.013843656,2.6602786
2022-04-18,0.19387855,0.005140484,2.0227582,0.0067927684,0.014110147,2.6560733
2022-04-19,0.18761574,0.005074609,2.0231345,0.0068668555,0.0145540275,2.649918
2022-04-20,0.18270712,0.0050673047,2.023511,0.0068917163,0.013407276,2.6444778
2022-04-21,0.18022588,0.0051457514,2.0238874,0.006888613,0.013538472,2.6417058
2022-04-22,0.18150795,0.005318962,2.0242636,0.006833263,0.013248097,2.638073
2022-04-23,0.18727343,0.005379405,2.02464,0.00679783,0.014258555,2.637095
2022-04-24,0.18882768,0.005336803,2.0240319,0.0068113683,0.014938373,2.6385467
2022-04-25,0.18881536,0.0054206005,2.0234237,0.0067669395,0.013489918,2.6417034
2022-04-26,0.19117102,0.005563386,2.0228155,0.0067315605,0.013484016,2.6445825
2022-04-27,0.19896334,0.005747681,2.0222073,0.0066955225,0.014115826,2.6459076
2022-04-28,0.20509493,0.0056580636,2.021599,0.00675096,0.016289357,2.640213
2022-04-29,0.19963941,0.005314492,2.0209908,0.0068864813,0.017056385,2.6312277
2022-04-30,0.19214353,0.0050758584,2.0203826,0.0070134164,0.016825834,2.6239574
2022-05-01,0.18720408,0.004931388,2.0208488,0.007110975,0.015593099,2.6155279
2022-05-02,0.18593974,0.0049953116,2.0213146,0.0070305956,0.013113841,2.6136608
2022-05-03,0.18706681,0.0051549375,2.0217807,0.00689146,0.012834686,2.6166375
2022-05-04,0.18855572,0.0052286047,2.0222468,0.006872254,0.014133185,2.615831
2022-05-05,0.1901214,0.005140698,2.0227127,0.00698529,0.01507797,2.6095502
2022-05-06,0.18877079,0.004972682,2.0231788,0.007146654,0.0156232035,2.6010702
2022-05-07,0.18413903,0.0047826604,2.0236447,0.0073489435,0.017128633,2.5910923
2022-05-08,0.17902496,0.004442886,2.024524,0.0076313256,0.0202516,2.5788324
2022-05-09,0.17456923,0.004158182,2.0254033,0.007774337,0.018723842,2.5682359
2022-05-10,0.17209366,0.00425158,2.0262825,0.0076544993,0.014080016,2.564873
2022-05-11,0.1735742,0.0044395593,2.0271618,0.007360988,0.011674534,2.5696251
2022-05-12,0.17322683,0.004397046,2.0280411,0.007203015,0.0125385225,2.5705922
2022-05-13,0.17168896,0.0044006463,2.0289204,0.007139064,0.012950459,2.5705407
2022-05-14,0.17006075,0.0046812184,2.0297997,0.0070599793,0.01219573,2.574684
2022-05-15,0.16729118,0.005006308,2.0303595,0.0070331385,0.012030021,2.5775428
2022-05-16,0.16394843,0.0051875124,2.0309193,0.00709678,0.012928353,2.5766447
2022-05-17,0.16204534,0.005452275,2.0314791,0.007111144,0.01153989,2.5766037
2022-05-18,0.16282044,0.0058143237,2.032039,0.0070899962,0.010977662,2.5794582
2022-05-19,0.16346267,0.0059895497,2.0325985,0.007084553,0.011952539,2.5812821
2022-05-20,0.16333944,0.005892612,2.0331585,0.007143016,0.013064464,2.57911
2022-05-21,0.16175081,0.0056020184,2.0337183,0.007259851,0.013029853,2.5727518
2022-05-22,0.16201554,0.005360621,2.0315902,0.007425403,0.012871089,2.5647013
2022-05-23,0.16735636,0.005095276,2.0294623,0.0076274266,0.013675067,2.5529509
2022-05-24,0.17210136,0.00482188,2.027334,0.0077459835,0.013795102,2.5438359
2022-05-25,0.17132592,0.0044606836,2.025206,0.007865214,0.015022684,2.534798
2022-05-26,0.17106088,0.0038928438,2.023078,0.008077054,0.018759664,2.519595
2022-05-27,0.17200261,0.0033696792,2.02095,0.008240587,0.019764846,2.502822
2022-05-28,0.17296752,0.0032548052,2.018822,0.008206388,0.01608011,2.4934728
2022-05-29,0.17587681,0.0031001526,2.0181222,0.008154042,0.014730989,2.489058
2022-05-30,0.17506523,0.002875082,2.0174224,0.008120342,0.015680786,2.48414
2022-05-31,0.17093596,0.0025954554,2.016723,0.008195914,0.017669916,2.473721
2022-06-01,0.1658391,0.002210662,2.0160232,0.008269673,0.019771203,2.4597461
2022-06-02,0.16064902,0.0023903307,2.0153234,0.0081445575,0.014813549,2.4601355
2022-06-03,0.16023839,0.0032021902,2.0146239,0.008032056,0.010838368,2.4707003
2022-06-04,0.16014734,0.003495333,2.0139241,0.008031813,0.011748423,2.4725263
2022-06-05,0.15718094,0.003370802,2.0131133,0.008035825,0.013044605,2.4697006
2022-06-06,0.15522495,0.0031520075,2.0123022,0.008119941,0.016305977,2.466064
2022-06-07,0.15629001,0.0026007488,2.011491,0.008382196,0.023526922,2.4560013
2022-06-08,0.15887523,0.0020198326,2.0106802,0.00856479,0.022923483,2.4450111
2022-06-09,0.15973836,0.0021759584,2.009869,0.008528006,0.016272072,2.4389727
2022-06-10,0.16336441,0.0022710774,2.0090582,0.008559554,0.013939968,2.4325619
2022-06-11,0.16817553,0.0022776437,2.0082474,0.008565853,0.013367127,2.4273477
2022-06-12,0.17422967,0.0022597716,2.007262,0.008500163,0.012328815,2.4240043
2022-06-13,0.17252901,0.002738536,2.0062768,0.008153128,0.010225936,2.4230154
2022-06-14,0.1733107,0.002945217,2.0052915,0.007893666,0.011460483,2.4172618
2022-06-15,0.17818698,0.0028639522,2.004306,0.007719607,0.011449948,2.4144626
2022-06-16,0.17872745,0.0031393913,2.003321,0.0074530565,0.0109812245,2.4156177
2022-06-17,0.1788704,0.0031556373,2.0023355,0.0073848753,0.012425756,2.413004
2022-06-18,0.17959015,0.0028563866,2.0013502,0.0074621122,0.013719307,2.4062161
2022-06-19,0.18021739,0.0025231475,1.9999943,0.0076669473,0.016935326,2.3959558
2022-06-20,0.18235466,0.0021890488,1.9986383,0.007928717,0.021032926,2.3809016
2022-06-21,0.1843347,0.0021303524,1.9972823,0.0080823945,0.018790774,2.369784
2022-06-22,0.18490244,0.0023616126,1.9959263,0.0081079425,0.01408102,2.3657765
2022-06-23,0.18849702,0.002441772,1.9945703,0.008193614,0.014603619,2.361588
2022-06-24,0.18849738,0.0023078292,1.9932141,0.008298702,0.015841266,2.357071
2022-06-25,0.18389101,0.0023366935,1.9918582,0.008323648,0.014865293,2.351554
2022-06-26,0.18227293,0.0024024136,1.9923311,0.0084007615,0.015941886,2.3442638
2022-06-27,0.18184914,0.002486854,1.9928042,0.008393228,0.014781113,2.3393223
2022-06-28,0.17954127,0.002599165,1.9932771,0.008314338,0.013951328,2.3370197
2022-06-29,0.17500256,0.0027766072,1.9937501,0.008146652,0.012792929,2.3353727
2022-06-30,0.16991277,0.0031564375,1.9942231,0.007888001,0.011615861,2.334784
2022-07-01,0.1666705,0.003601059,1.9946961,0.0076533915,0.011976153,2.3360887
2022-07-02,0.16550687,0.004255321,1.995169,0.007398049,0.0112418495,2.3365579
2022-07-03,0.16888332,0.0048291143,1.9938074,0.007236815,0.012619019,2.3351498
2022-07-04,0.1753799,0.005082787,1.9924458,0.007280128,0.0141148055,2.3312607
2022-07-05,0.18052924,0.005201959,1.9910842,0.007414507,0.0147716785,2.3251092
2022-07-06,0.18333295,0.0053108376,1.9897226,0.0075624203,0.014473103,2.3190556
2022-07-07,0.18528727,0.005313321,1.988361,0.0077436115,0.01526747,2.3121932
2022-07-08,0.18445978,0.0055856435,1.9869994,0.007739096,0.013477092,2.3104646
2022-07-09,0.18324697,0.005803863,1.9856378,0.007828932,0.015034798,2.3066192
2022-07-10,0.18044312,0.006149003,1.985553,0.0077752685,0.013207473,2.3042085
2022-07-11,0.17835501,0.006541571,1.9854683,0.007767741,0.014182244,2.3026273
2022-07-12,0.17825323,0.0068948464,1.9853835,0.00785656,0.014811763,2.300397
2022-07-13,0.17910674,0.00729804,1.9852989,0.00789107,0.01478671,2.2973232
2022-07-14,0.18276367,0.0076684854,1.985214,0.007879715,0.014951632,2.2925267
2022-07-15,0.18735087,0.008110013,1.9851292,0.007870225,0.014401301,2.2880607
2022-07-16,0.18842852,0.008793236,1.9850445,0.0077941758,0.013659448,2.288116
2022-07-17,0.18579072,0.009390133,1.9863296,0.007733428,0.013324027,2.2890465
2022-07-18,0.1814727,0.0100701675,1.9876146,0.0076104407,0.012963702,2.2894225
2022-07-19,0.17812642,0.011119617,1.9888998,0.007307069,0.011031982,2.2927856
2022-07-20,0.1784327,0.012684102,1.9901849,0.006945838,0.010274333,2.3035696
2022-07-21,0.17856796,0.013633599,1.99147,0.0068388605,0.011027569,2.3089118
2022-07-22,0.17861132,0.014159085,1.9927552,0.0068659424,0.011625998,2.307299
2022-07-23,0.18235442,0.01455543,1.9940403,0.006906743,0.012244887,2.3050566
2022-07-24,0.18640478,0.014647948,1.9931366,0.0070146243,0.013005071,2.3035042
2022-07-25,0.18797185,0.014645316,1.9922328,0.0071278517,0.01318975,2.3065429
2022-07-26,0.18631081,0.014781975,1.9913291,0.007182343,0.01278329,2.311425
2022-07-27,0.18456747,0.014856411,1.9904255,0.0072964816,0.014050331,2.3119984
2022-07-28,0.18414931,0.0148754725,1.9895217,0.007422988,0.014127812,2.314982
2022-07-29,0.18317959,0.014917567,1.988618,0.0074808253,0.013993222,2.322744
2022-07-30,0.1817777,0.015009851,1.9877143,0.0074674464,0.013195038,2.3321395
2022-07-31,0.18215348,0.01519209,1.9883544,0.0074256277,0.01260445,2.3412344
2022-08-01,0.1838072,0.015840061,1.9889946,0.0071715075,0.011151929,2.3617887
2022-08-02,0.18862322,0.016500454,1.9896349,0.006953053,0.011038173,2.3862958
2022-08-03,0.19447382,0.017090736,1.9902749,0.0068187644,0.0111096,2.4103343
2022-08-04,0.19650425,0.017474648,1.9909151,0.006791319,0.012251181,2.4282193
2022-08-05,0.19413862,0.017567746,1.9915552,0.006857198,0.012607105,2.4359214
2022-08-06,0.19206938,0.017857632,1.9921954,0.0068043256,0.011120176,2.4447792
2022-08-07,0.1937503,0.018350925,1.9905051,0.006661858,0.010723961,2.4651763
2022-08-08,0.19654407,0.018502556,1.9888148,0.006647372,0.01162307,2.4845269
2022-08-09,0.19737467,0.018315792,1.9871247,0.0067610424,0.013565022,2.4939854
2022-08-10,0.19816285,0.017806282,1.9854344,0.006953584,0.015267983,2.496732
2022-08-11,0.19878635,0.017181138,1.983744,0.0072110198,0.015057878,2.4950883
2022-08-12,0.1988911,0.016651822,1.9820538,0.0074887676,0.015034098,2.4923873
2022-08-13,0.19631942,0.016140552,1.9803635,0.0077447398,0.01614639,2.4911273
2022-08-14,0.19240704,0.015718162,1.980085,0.007915271,0.015878217,2.49119
2022-08-15,0.19064902,0.015216779,1.9798064,0.008108155,0.017373733,2.4914064
2022-08-16,0.18880859,0.0146127315,1.979528,0.008144532,0.015598238,2.4976153
2022-08-17,0.18568985,0.014376145,1.9792494,0.007898889,0.012115481,2.5183241
2022-08-18,0.18504794,0.0140493885,1.9789709,0.007753972,0.013062897,2.5401554
2022-08-19,0.18293945,0.0134889195,1.9786924,0.0077388897,0.014697795,2.5577607
2022-08-20,0.17829539,0.013176885,1.9784138,0.007625061,0.012904949,2.5769234
2022-08-21,0.17569807,0.012965082,1.9776032,0.0075691533,0.01287033,2.5916622
2022-08-22,0.17457761,0.012536658,1.9767925,0.0076287044,0.014657415,2.6004303
2022-08-23,0.1722696,0.012009983,1.9759817,0.0076975673,0.015654286,2.608109
2022-08-24,0.16925077,0.011640457,1.975171,0.0077336193,0.015139304,2.6138577
2022-08-25,0.16926672,0.01118159,1.9743603,0.007926426,0.018788438,2.6110039
2022-08-26,0.17159787,0.010550189,1.9735496,0.0081099775,0.018601043,2.6054828
2022-08-27,0.17288235,0.009930148,1.9727389,0.008230178,0.018872079,2.6030252
2022-08-28,0.17225024,0.009384672,1.9711599,0.00832112,0.018413238,2.599869
2022-08-29,0.17092608,0.008930195,1.9695811,0.008458876,0.018908862,2.5931752
2022-08-30,0.17018013,0.008603546,1.9680022,0.008495613,0.017253967,2.5898855
2022-08-31,0.17011039,0.008184184,1.9664234,0.008417155,0.016131721,2.5935724
2022-09-01,0.17006613,0.0076996554,1.9648445,0.008312338,0.015241209,2.599828
2022-09-02,0.1707947,0.0072906627,1.9632657,0.008216896,0.015453208,2.6081796
2022-09-03,0.17470302,0.0068722535,1.9616867,0.008268868,0.020567996,2.608768
2022-09-04,0.17895125,0.006768255,1.9612253,0.008209677,0.017685292,2.6159189
2022-09-05,0.18124716,0.00641599,1.9607637,0.008187866,0.0173589,2.628036
2022-09-06,0.17810187,0.0059617446,1.9603021,0.008159655,0.015883368,2.6410692
2022-09-07,0.17377211,0.0055626775,1.9598407,0.008163473,0.016362814,2.6543846
2022-09-08,0.17092933,0.0050407327,1.9593791,0.00816989,0.017028838,2.667401
2022-09-09,0.16884913,0.004738001,1.9589176,0.0081207175,0.017009804,2.6761458
2022-09-10,0.1679762,0.004543462,1.9584562,0.00808781,0.018673584,2.6816242
2022-09-11,0.16650319,0.0040644165,1.9560688,0.00807937,0.0187849,2.6852906
2022-09-12,0.16549452,0.0033168928,1.9536815,0.008114285,0.02093222,2.6911995
2022-09-13,0.16413096,0.003108685,1.9512942,0.008131825,0.017660962,2.685478
2022-09-14,0.16547397,0.0028626982,1.9489069,0.008194932,0.019471766,2.6725476
2022-09-15,0.16770178,0.0025446448,1.9465195,0.0081989225,0.019035053,2.663524
2022-09-16,0.1684982,0.0024206557,1.9441322,0.00822134,0.017175771,2.6582954
2022-09-17,0.1687465,0.0022669432,1.9417449,0.008227237,0.016157122,2.657206
2022-09-18,0.17027274,0.0020635251,1.9397247,0.008257919,0.016671417,2.6608062
2022-09-19,0.17225389,0.0018928095,1.9377043,0.008255263,0.016487654,2.667308
2022-09-20,0.17445788,0.0016906721,1.9356841,0.008196577,0.016255634,2.6831384
2022-09-21,0.17487425,0.0014326983,1.9336637,0.008111835,0.016551951,2.7045991
2022-09-22,0.17568476,0.0013120255,1.9316435,0.008028851,0.01780272,2.723906
2022-09-23,0.17729935,0.001080142,1.9296231,0.007921391,0.019463124,2.747901
2022-09-24,0.17685243,0.0009296693,1.9276029,0.007799726,0.018918142,2.7723842
2022-09-25,0.17753696,0.0008040714,1.9273794,0.007750988,0.018455725,2.7898133
2022-09-26,0.1760588,0.00081106357,1.927156,0.0076970556,0.016442092,2.8075035
2022-09-27,0.17339045,0.00093113666,1.9269326,0.007709107,0.015597272,2.8150678
2022-09-28,0.16964956,0.0010359361,1.9267092,0.0077467402,0.014995179,2.8115094
2022-09-29,0.16794153,0.0010965964,1.9264857,0.0077966736,0.016141647,2.7980454
2022-09-30,0.16850862,0.0012107692,1.9262623,0.007845455,0.014638335,2.7800918
2022-10-01,0.16778928,0.0013726343,1.9260389,0.007973042,0.014574986,2.761507
2022-10-02,0.16630776,0.0013845589,1.9247991,0.008111641,0.015260325,2.7501655
2022-10-03,0.16449548,0.001288595,1.9235593,0.008209747,0.014963221,2.7432764
2022-10-04,0.16241986,0.0012768741,1.9223197,0.00824022,0.014850873,2.7402499
2022-10-05,0.16107038,0.001259145,1.9210799,0.0082350075,0.015851256,2.738837
2022-10-06,0.16300279,0.0012136803,1.9198402,0.008328055,0.01593879,2.727071
2022-10-07,0.16774184,0.0012059978,1.9186006,0.008356351,0.017506009,2.6949534
2022-10-08,0.17611177,0.0010670406,1.9173608,0.0082431445,0.022067752,2.675462
2022-10-09,0.18471418,0.0016335079,1.9156083,0.007827702,0.019991552,2.7181122
2022-10-10,0.21062915,0.0023784603,1.9138558,0.007402068,0.020020178,2.791149
2022-10-11,0.2311191,0.002079813,1.9121033,0.0073349145,0.020009737,2.8388193
2022-10-12,0.2275919,0.0015223977,1.9103508,0.0075247595,0.021530906,2.850689
2022-10-13,0.22232588,0.0010083916,1.9085983,0.00772024,0.022265293,2.8477705
2022-10-14,0.21658845,0.0006132183,1.9068458,0.007866673,0.022686733,2.8445857
2022-10-15,0.20824112,0.00059187657,1.9050933,0.007850651,0.018869469,2.8462799
2022-10-16,0.20222361,0.00066418585,1.9020381,0.007905124,0.01751739,2.8350792
2022-10-17,0.2001454,0.00051298965,1.8989829,0.008130623,0.02293711,2.808347
2022-10-18,0.1965982,0.0003591997,1.8959277,0.008343374,0.0277196,2.7866912
2022-10-19,0.19287917,0.0004472542,1.8928723,0.008265405,0.020953942,2.7688997
2022-10-20,0.1890782,0.0007748248,1.8898171,0.008161686,0.019974038,2.7500985
2022-10-21,0.19483134,0.0009269509,1.8867619,0.008044511,0.020473601,2.749578
2022-10-22,0.19676584,0.0009314114,1.8837067,0.007903081,0.017308671,2.7765214
2022-10-23,0.19373412,0.0010722337,1.884962,0.0078085447,0.014933333,2.8121848
2022-10-24,0.19049864,0.0010968671,1.8862172,0.007837245,0.0168954,2.8428712
2022-10-25,0.18788397,0.00089507713,1.8874725,0.007934371,0.019282727,2.8634818
2022-10-26,0.18518499,0.000789538,1.8887279,0.008028626,0.019123463,2.8647463
2022-10-27,0.18387079,0.0007837403,1.8899833,0.008101443,0.018347844,2.85932
2022-10-28,0.18196423,0.0008776163,1.8912386,0.008171123,0.017131122,2.8489065
2022-10-29,0.18028557,0.0010113372,1.8924938,0.008235693,0.016669251,2.8371654
2022-10-30,0.17971298,0.0010065864,1.8927046,0.008195099,0.017480709,2.8332558
2022-10-31,0.179749,0.00092399045,1.8929155,0.008164319,0.017721707,2.8280668
2022-11-01,0.17872648,0.0008418545,1.8931262,0.008185907,0.01825954,2.8204615
2022-11-02,0.17916852,0.00095168967,1.8928922,0.008124558,0.016873043,2.808587
2022-11-03,0.18189695,0.0013912832,1.8967806,0.008093327,0.016154794,2.7938771
2022-11-04,0.18203881,0.001798731,1.8998237,0.008068219,0.01536827,2.7898455
2022-11-05,0.18623734,0.0018896608,1.8978618,0.008222342,0.017511072,2.7705088
2022-11-06,0.19433549,0.0016224701,1.8966361,0.008484542,0.017495463,2.7295074
2022-11-07,0.1973779,0.0016142295,1.8974894,0.008579928,0.016099118,2.7010467
2022-11-08,0.19951564,0.001585398,1.8939695,0.008536239,0.016057286,2.6751726
2022-11-09,0.2018095,0.0014063438,1.8908144,0.008390383,0.016112499,2.6488602
2022-11-10,0.19843736,0.0014966296,1.892507,0.008309077,0.013837034,2.634975
2022-11-11,0.1932194,0.001562288,1.8950654,0.008338223,0.015085275,2.6293485
2022-11-12,0.18871967,0.0016048397,1.8979629,0.008377404,0.015375631,2.6267395
2022-11-13,0.18696803,0.0017532678,1.898078,0.008418273,0.015412862,2.6201594
2022-11-14,0.18732531,0.0017803834,1.8978403,0.008401827,0.015417867,2.6086998
2022-11-15,0.18776809,0.001795257,1.8989474,0.008413094,0.01522603,2.598103
2022-11-16,0.19026403,0.0020376486,1.8970886,0.008355905,0.014796605,2.58917
2022-11-17,0.19960622,0.0019817338,1.8901953,0.008234164,0.01637252,2.5891297
2022-11-18,0.20952566,0.0017091846,1.8861806,0.008071844,0.016120203,2.6233883
2022-11-19,0.21639621,0.0014974223,1.8820696,0.007956387,0.016401196,2.681497
2022-11-20,0.22074583,0.0013785586,1.8765519,0.007929706,0.017095398,2.7329485
2022-11-21,0.22614017,0.0013130995,1.8662245,0.0079604015,0.022435732,2.7742023
2022-11-22,0.23131663,0.0009121143,1.8657559,0.007994965,0.02483011,2.8131044
2022-11-23,0.22754341,0.00091743,1.8695079,0.007955966,0.02006339,2.8417406
2022-11-24,0.22572899,0.000840206,1.8710698,0.007952318,0.020812547,2.879077
2022-11-25,0.22177543,0.0006870467,1.8724244,0.007944237,0.020898722,2.9118786
2022-11-26,0.21841359,0.0008714332,1.8729547,0.00795185,0.018057099,2.9093525
2022-11-27,0.22087157,0.0010705091,1.8700756,0.008067193,0.01893096,2.8872902
2022-11-28,0.22465938,0.0011160165,1.8693532,0.008160411,0.018133294,2.8742728
2022-11-29,0.22374174,0.0011817475,1.8698763,0.008242858,0.016787188,2.8657653
2022-11-30,0.22038607,0.0013617384,1.8713424,0.008292424,0.015653232,2.8608992
2022-12-01,0.21827474,0.0016637237,1.870345,0.008268968,0.014519015,2.860029
2022-12-02,0.22011806,0.0018114842,1.8699541,0.008231155,0.014968379,2.8646455
2022-12-03,0.224078,0.0021733707,1.8725115,0.00808888,0.013313393,2.878755
2022-12-04,0.23302163,0.0024626523,1.8745033,0.007952167,0.01366306,2.8891122
2022-12-05,0.24055697,0.0024184783,1.8753587,0.007912668,0.014869273,2.881616
2022-12-06,0.24071091,0.0022959283,1.8771894,0.00793483,0.015092861,2.8648713
2022-12-07,0.23664105,0.0023365172,1.8778132,0.007956239,0.014218774,2.8478596
2022-12-08,0.23638844,0.0025453009,1.8775389,0.007964129,0.014633752,2.8330863
2022-12-09,0.24319139,0.0026206477,1.8760498,0.007957788,0.016291624,2.818163
2022-12-10,0.25070515,0.0026421198,1.878121,0.007942831,0.016822552,2.8088715
2022-12-11,0.25407812,0.0025535729,1.878985,0.008007664,0.018735234,2.8007333
2022-12-12,0.25024796,0.002294611,1.8793526,0.008130796,0.020216547,2.7867908
2022-12-13,0.24313551,0.0021392857,1.8808727,0.00825305,0.020157624,2.7711446
2022-12-14,0.23655051,0.00214003,1.8828127,0.008304487,0.019176874,2.7628586
2022-12-15,0.23149756,0.0021742042,1.8844017,0.008375654,0.019038409,2.7550337
2022-12-16,0.2276391,0.0021271708,1.8861479,0.008488646,0.019840615,2.7455223
2022-12-17,0.22498702,0.0019530958,1.8875817,0.0084966095,0.020738885,2.7451272
2022-12-18,0.2234293,0.0020028348,1.8876951,0.008422387,0.019077266,2.743484
2022-12-19,0.22406127,0.0023190938,1.8879188,0.008385718,0.017272176,2.7323046
2022-12-20,0.22742902,0.002832983,1.8896118,0.008317795,0.01563073,2.7272394
2022-12-21,0.23307207,0.003251313,1.8928691,0.0081792055,0.014971123,2.7391925
2022-12-22,0.23864168,0.0034365905,1.8948094,0.008041465,0.015135702,2.75792
2022-12-23,0.24303824,0.0035799397,1.895909,0.007997297,0.015500724,2.7678478
2022-12-24,0.2462708,0.003782748,1.8934609,0.007950218,0.016029214,2.7723627
2022-12-25,0.25644106,0.004734812,1.8967998,0.007537944,0.015643291,2.8102756
2022-12-26,0.30775854,0.0067889257,1.9023823,0.0071901777,0.016664078,2.8663564
2022-12-27,0.39039972,0.007966882,1.9054137,0.007238362,0.018646365,2.892707
2022-12-28,0.44768992,0.008836359,1.9083216,0.00738417,0.020358404,2.9021773
2022-12-29,0.47196075,0.0088268565,1.9105108,0.007517009,0.021559875,2.9009874
2022-12-30,0.44748238,0.008512447,1.9126539,0.0076726764,0.022139324,2.8869064
2022-12-31,0.42169365,0.0081512295,1.9135293,0.007847721,0.023325464,2.8681297
2023-01-01,0.40326622,0.007795102,1.9145458,0.007963719,0.023344655,2.8533854
2023-01-02,0.39058423,0.0077324254,1.9168025,0.0078684585,0.019886162,2.854118
2023-01-03,0.37825903,0.007419947,1.9169046,0.007869503,0.019395204,2.8508441
2023-01-04,0.36349803,0.00707428,1.917108,0.007916503,0.01906255,2.8394597
2023-01-05,0.34846565,0.006820384,1.9170324,0.007908455,0.018618207,2.828228
2023-01-06,0.34093535,0.006644651,1.9156458,0.007909121,0.0185026,2.8187826
2023-01-07,0.33627257,0.006493508,1.913955,0.007863508,0.019317515,2.8121727
2023-01-08,0.33536562,0.0062620593,1.9127898,0.007815957,0.020475192,2.8053906
2023-01-09,0.33049235,0.0060998257,1.9132308,0.007802183,0.019933367,2.798745
2023-01-10,0.3215069,0.005744997,1.9054694,0.007834132,0.024245573,2.7815986
2023-01-11,0.3110882,0.0051870733,1.9065881,0.007879582,0.02585037,2.7595935
2023-01-12,0.29850122,0.0053844065,1.9104965,0.007857076,0.021120243,2.7558718
2023-01-13,0.29091063,0.00563149,1.913461,0.007870265,0.019747933,2.7520247
2023-01-14,0.29338554,0.006033856,1.9200552,0.007688185,0.017729681,2.7652197
2023-01-15,0.2968977,0.006546175,1.926241,0.007507927,0.017802693,2.7845845
2023-01-16,0.29275042,0.0067829643,1.9282296,0.007502633,0.018704236,2.7880085
2023-01-17,0.28641883,0.0068312273,1.929408,0.0076079695,0.019844173,2.780004
2023-01-18,0.28342322,0.0067161615,1.9293116,0.0077587306,0.021475142,2.7685492
2023-01-19,0.27954778,0.0064428137,1.9292912,0.007898235,0.021115191,2.7530732
2023-01-20,0.275088,0.006207432,1.929976,0.008008979,0.021216236,2.737201
2023-01-21,0.27577955,0.0063709463,1.9323266,0.007971184,0.019375714,2.7324755
2023-01-22,0.28371325,0.006545936,1.9312732,0.008028521,0.01975937,2.7312944
2023-01-23,0.28893265,0.0063548973,1.9316629,0.008145574,0.020457342,2.7239375
2023-01-24,0.29081854,0.00615476,1.9322257,0.00816866,0.020127477,2.7190545
2023-01-25,0.29315114,0.006054315,1.9310926,0.008245051,0.020029072,2.7138267
2023-01-26,0.29554275,0.00594744,1.931711,0.008300339,0.019614898,2.7077107
2023-01-27,0.3042453,0.005848289,1.9350853,0.008111152,0.018801887,2.714246
2023-01-28,0.31540287,0.00569679,1.9385241,0.007892106,0.019108076,2.7262363
2023-01-29,0.32811576,0.0056098877,1.9435179,0.0076903068,0.019006504,2.7442715
2023-01-30,0.34000382,0.00553498,1.9470007,0.007543184,0.018873332,2.7624583
2023-01-31,0.36273235,0.005619222,1.9523534,0.0073665064,0.01832477,2.791966
2023-02-01,0.39868322,0.0056866393,1.9577703,0.007132837,0.017823566,2.8384674
2023-02-02,0.4186587,0.0055966116,1.9622278,0.0069429805,0.017474107,2.8748858
2023-02-03,0.41213766,0.0053372383,1.9595685,0.0069480105,0.0193727,2.879919
2023-02-04,0.393434,0.00496303,1.9584382,0.007042204,0.020905681,2.8603244
2023-02-05,0.3759177,0.004680153,1.9604416,0.007066271,0.019709459,2.8462272
2023-02-06,0.35635668,0.004401189,1.9637551,0.0070830137,0.019433832,2.8344922
2023-02-07,0.34203303,0.0042574746,1.9692545,0.0069663604,0.018326495,2.8301349
2023-02-08,0.33940265,0.0041940524,1.9712113,0.0068804203,0.018778807,2.8377132
2023-02-09,0.34159762,0.0041245706,1.9701147,0.0069513298,0.019496538,2.8446996
2023-02-10,0.34030256,0.004037674,1.9679765,0.0071062497,0.019793257,2.8422005
2023-02-11,0.3411541,0.0041667805,1.9707386,0.007071867,0.018739317,2.8457587
2023-02-12,0.36115593,0.0049345787,1.9768912,0.0068343817,0.02028367,2.8719745
2023-02-13,0.41619495,0.0059479587,1.9797844,0.006568598,0.023618586,2.912671
2023-02-14,0.4334855,0.005547119,1.9811238,0.0065988107,0.025711903,2.9154267
2023-02-15,0.40636253,0.005076838,1.9830728,0.0066233207,0.024830567,2.9030647
2023-02-16,0.37251416,0.0046760985,1.9824724,0.0066991,0.02345838,2.8847902
2023-02-17,0.3478156,0.0043775896,1.981103,0.006860032,0.022162927,2.8621273
2023-02-18,0.33277598,0.0042718244,1.982267,0.0068700137,0.021253005,2.8464625
2023-02-19,0.3229283,0.00432726,1.9855161,0.0067100185,0.020515084,2.8420546
2023-02-20,0.31548974,0.004366378,1.9876357,0.006598328,0.021030145,2.8357573
2023-02-21,0.3051004,0.004244258,1.9908605,0.006563498,0.021059548,2.8263013
2023-02-22,0.29096842,0.004118438,1.9930654,0.0065523474,0.020102555,2.8162928
2023-02-23,0.27589867,0.0039577717,1.9942646,0.0066111977,0.019371038,2.8020058
2023-02-24,0.2687797,0.0040039644,1.9984089,0.006562725,0.017837768,2.7940068
2023-02-25,0.28563678,0.0045839855,2.0048676,0.006247586,0.016444406,2.8119087
2023-02-26,0.29825348,0.004847215,2.0089624,0.006045245,0.016995383,2.8225355
2023-02-27,0.29060453,0.0047822474,2.0112288,0.006008733,0.017984647,2.8160913
2023-02-28,0.2756175,0.0045797704,2.011666,0.00609947,0.018999714,2.8016496
2023-03-01,0.25848338,0.0042494717,2.0115635,0.0062888563,0.020058779,2.7813444
2023-03-02,0.24541855,0.0039449865,2.0106926,0.006524545,0.020387203,2.7606378
2023-03-03,0.23513065,0.0036991693,2.010482,0.0067333914,0.019637652,2.740508
2023-03-04,0.22767824,0.0035091825,2.0100892,0.0069029685,0.01879645,2.7215855
2023-03-05,0.22331065,0.0034047747,2.0120366,0.0069340793,0.017910011,2.7066157
2023-03-06,0.22538179,0.0038290059,2.017183,0.006592172,0.015529846,2.7088983
2023-03-07,0.24058467,0.004412934,2.0205345,0.0062701525,0.01681444,2.723228
2023-03-08,0.24336694,0.004510371,2.0220006,0.0061687925,0.017756077,2.720665
2023-03-09,0.23943038,0.0045592035,2.0238297,0.0060972306,0.016805261,2.712993
2023-03-10,0.23959409,0.0046918113,2.0254288,0.0060280384,0.017038643,2.7091112
2023-03-11,0.23980069,0.004713051,2.026395,0.0060257376,0.017768335,2.7045813
2023-03-12,0.23444934,0.004582434,2.0265498,0.0061357995,0.01889245,2.695267
2023-03-13,0.22491522,0.004343107,2.0262191,0.0063411663,0.020739743,2.6808455
2023-03-14,0.21572948,0.0039972276,2.024895,0.0065954477,0.02148553,2.663204
2023-03-15,0.21117675,0.0038240224,2.0245543,0.006718892,0.018712826,2.6492167
2023-03-16,0.20535322,0.003472709,2.024392,0.0067646634,0.01882172,2.6336603
2023-03-17,0.20096414,0.0032513025,2.025123,0.006813895,0.01792439,2.6217077
2023-03-18,0.20119932,0.0032381515,2.0233483,0.0069818352,0.017872695,2.613693
2023-03-19,0.2047707,0.0032105912,2.0153081,0.0071791084,0.017739655,2.6021242
2023-03-20,0.20494477,0.0031955317,2.0107453,0.007119499,0.017690266,2.5813355
2023-03-21,0.21133932,0.0039407685,2.0168872,0.0066256546,0.014249132,2.58446
2023-03-22,0.23884217,0.0048973686,2.0225816,0.0062145717,0.01410946,2.6081164
2023-03-23,0.26464954,0.005420185,2.0255027,0.006034374,0.014430823,2.6254795
2023-03-24,0.27100208,0.005342106,2.0264862,0.0060338057,0.015337037,2.6254203
2023-03-25,0.26040614,0.0051276684,2.0268998,0.0061381757,0.015702568,2.616643
2023-03-26,0.24297239,0.004909314,2.0264218,0.0063252673,0.0161541,2.603973
2023-03-27,0.2278289,0.00470499,2.0259008,0.006539416,0.016183345,2.5901747
2023-03-28,0.21760513,0.0045476947,2.0256095,0.006713756,0.015820753,2.5762427
2023-03-29,0.21174434,0.004651522,2.026714,0.00672583,0.014036714,2.564308
2023-03-30,0.22005475,0.005287908,2.0285215,0.006531421,0.01323581,2.5614076
2023-03-31,0.2404342,0.0058994964,2.030439,0.0063586854,0.014241303,2.566333
2023-04-01,0.24475004,0.006036804,2.0312958,0.0063102148,0.014831883,2.567462
2023-04-02,0.23620622,0.0059796767,2.0315614,0.006351503,0.0147056775,2.56381
2023-04-03,0.22292687,0.0059329695,2.0326827,0.0063828244,0.014446894,2.5576851
2023-04-04,0.21191934,0.005890646,2.033025,0.006446456,0.014884798,2.5508957
2023-04-05,0.20229958,0.0057461713,2.0329852,0.0065671154,0.015421819,2.5433283
2023-04-06,0.19480336,0.0055876607,2.0334024,0.0066305315,0.015137347,2.5372407
2023-04-07,0.19203892,0.0056720544,2.0355778,0.0064853043,0.014153104,2.5356576
2023-04-08,0.19364159,0.005927088,2.0383358,0.006257052,0.013519133,2.538509
2023-04-09,0.19344223,0.0060139303,2.0399344,0.0061389157,0.014066038,2.539898
2023-04-10,0.18945055,0.0060229436,2.0416143,0.0061060865,0.015018489,2.5384655
2023-04-11,0.18343006,0.0059466036,2.04237,0.006179876,0.017004484,2.5339355
2023-04-12,0.17811398,0.00587515,2.0429146,0.0062915846,0.017468862,2.5271406
2023-04-13,0.17434758,0.0059106946,2.0433931,0.0063829245,0.017408008,2.5197053
2023-04-14,0.17252745,0.00599826,2.0437636,0.006448767,0.01736669,2.5131068
2023-04-15,0.17177068,0.00594518,2.04392,0.0065188687,0.017218515,2.5064716
2023-04-16,0.17177853,0.0057266653,2.043624,0.0065514124,0.015589156,2.5006654
2023-04-17,0.1766099,0.0055239783,2.0417638,0.0065285396,0.014659833,2.4987545
2023-04-18,0.18152018,0.005264785,2.0421379,0.0065116165,0.015258621,2.4998822
2023-04-19,0.1818234,0.0054006246,2.0450687,0.0063917735,0.014246426,2.504939
2023-04-20,0.1830064,0.0055944943,2.0464597,0.0062851873,0.0143670365,2.5104337
2023-04-21,0.18202189,0.005510221,2.0471778,0.0063199983,0.01550351,2.51164
2023-04-22,0.17806937,0.005262391,2.0475457,0.006462326,0.01649591,2.5074024
2023-04-23,0.17460117,0.005100904,2.0479038,0.006585111,0.015958883,2.501963
2023-04-24,0.17300442,0.005148352,2.0481813,0.006648409,0.015068378,2.498734
2023-04-25,0.17195515,0.0050503276,2.0475464,0.006838886,0.0168001,2.492018
2023-04-26,0.16987859,0.004864355,2.047904,0.007016703,0.01653265,2.483385
2023-04-27,0.16959657,0.0048229694,2.0481904,0.0071054567,0.015541085,2.4778626
2023-04-28,0.16927937,0.004803315,2.0486758,0.0071768425,0.015149841,2.473918
2023-04-29,0.16788535,0.0047044386,2.0485697,0.007268974,0.0154835405,2.4692714
2023-04-30,0.1691049,0.004746276,2.0477464,0.0073150545,0.0138919465,2.4654984
2023-05-01,0.17504181,0.0052434634,2.0488656,0.0072180224,0.01292097,2.4708073
2023-05-02,0.18154895,0.0057761157,2.05008,0.007034437,0.012324603,2.4808865
2023-05-03,0.18542917,0.0059211077,2.05028,0.0069692433,0.013802584,2.4861305
2023-05-04,0.18646346,0.0056673517,2.0502355,0.0070741447,0.015228427,2.4848018
2023-05-05,0.18574302,0.0055446257,2.051099,0.0070590987,0.012926566,2.486096
2023-05-06,0.1947526,0.0059697134,2.0523844,0.00685813,0.011356087,2.4973538
2023-05-07,0.22029679,0.006768729,2.053519,0.0066202767,0.011154842,2.515654
2023-05-08,0.23725092,0.0071116793,2.0544226,0.006491989,0.01154434,2.5274189
2023-05-09,0.23843402,0.0070901406,2.055247,0.006460348,0.012082363,2.5317533
2023-05-10,0.23084357,0.0069741625,2.0558877,0.006500909,0.01355165,2.5312707
2023-05-11,0.21891426,0.006816762,2.0556238,0.0066224094,0.014666401,2.525868
2023-05-12,0.2043237,0.006656432,2.0546396,0.0068167597,0.014237262,2.5151734
2023-05-13,0.19575515,0.0065133297,2.0527477,0.007008348,0.013795257,2.5046265
2023-05-14,0.19401067,0.0062972703,2.0475152,0.007212487,0.016056897,2.4903142
2023-05-15,0.19200282,0.005719388,2.0475767,0.0073450794,0.017228678,2.4763439
2023-05-16,0.18514445,0.0056350357,2.049617,0.007331596,0.014056046,2.4729717
2023-05-17,0.17938058,0.0058679753,2.0507042,0.007388714,0.013977524,2.4720376
2023-05-18,0.17463575,0.006069627,2.0514162,0.0074429037,0.013549202,2.4700165
2023-05-19,0.1731709,0.006287462,2.0521152,0.0074203764,0.012211445,2.470116
2023-05-20,0.17470777,0.006422555,2.052676,0.0073984223,0.012163054,2.4710846
2023-05-21,0.17593545,0.006463386,2.0531814,0.007418315,0.013124691,2.4709702
2023-05-22,0.17544663,0.0064126723,2.0534985,0.007469185,0.013441893,2.468912
2023-05-23,0.17425963,0.0063358233,2.0541346,0.0075376863,0.013918615,2.466397
2023-05-24,0.1735202,0.0063815136,2.0543933,0.0075964667,0.014220633,2.4650173
2023-05-25,0.1759272,0.006671918,2.0544825,0.0075863106,0.012706793,2.4662557
2023-05-26,0.18004052,0.0069525233,2.0546658,0.0076195356,0.012390673,2.4677575
2023-05-27,0.18072614,0.0070753754,2.054808,0.007685129,0.0122637,2.4663892
2023-05-28,0.17747113,0.0069914344,2.055002,0.0077993316,0.013410427,2.46179
2023-05-29,0.17346288,0.0068758926,2.0551245,0.007872996,0.013969051,2.4564917
2023-05-30,0.17009637,0.006769334,2.0549765,0.007925611,0.01366735,2.4513774
2023-05-31,0.16604607,0.0065563703,2.0541615,0.008035611,0.014381734,2.4439754
2023-06-01,0.16329814,0.0061987047,2.0547547,0.008163533,0.01623203,2.4367259
2023-06-02,0.16095728,0.0058478983,2.0552807,0.0082643,0.016144397,2.4304907
2023-06-03,0.16068225,0.0055064117,2.05563,0.0083802445,0.015814552,2.424441
2023-06-04,0.1596302,0.0054146135,2.0558398,0.00833576,0.013490399,2.42104
2023-06-05,0.15825023,0.005282675,2.0553186,0.008297758,0.0126054,2.41747
2023-06-06,0.15845062,0.0049964366,2.0532284,0.008240594,0.012441695,2.4113925
2023-06-07,0.16020124,0.004887908,2.0545592,0.008202214,0.013674769,2.4092267
2023-06-08,0.1597973,0.0047182976,2.055006,0.008249068,0.014676672,2.4068072
2023-06-09,0.15760806,0.0043544946,2.0553248,0.00830078,0.013741647,2.4014528
2023-06-10,0.15582635,0.0041415687,2.0556254,0.008324314,0.01320928,2.3972056
2023-06-11,0.15473743,0.0039082295,2.056049,0.008341027,0.013917989,2.393681
2023-06-12,0.15339704,0.0036110184,2.0562973,0.008284775,0.013361127,2.3905518
2023-06-13,0.15247226,0.0033025767,2.0562775,0.00813898,0.011847466,2.3881304
2023-06-14,0.15483053,0.0031972113,2.0559301,0.0079807,0.0114788525,2.3869731
2023-06-15,0.16056858,0.0034063584,2.0561137,0.00778913,0.010589931,2.388229
2023-06-16,0.1647992,0.0033683819,2.0562184,0.0077339183,0.010733226,2.3873844
2023-06-17,0.17089431,0.003600604,2.055667,0.007649068,0.009784736,2.3884265
2023-06-18,0.19123454,0.004308798,2.055766,0.007519048,0.009941977,2.397201
2023-06-19,0.20725414,0.0045595565,2.054713,0.0074560926,0.010391526,2.4010408
2023-06-20,0.20289563,0.004032196,2.0504217,0.0075598247,0.01217208,2.3902237
2023-06-21,0.1936317,0.0034064895,2.0496886,0.0076700477,0.011559262,2.3786657
2023-06-22,0.18755516,0.003088265,2.0462737,0.007713977,0.011467294,2.3687642
2023-06-23,0.18223755,0.0028086167,2.0427144,0.007771085,0.012650698,2.3581114
2023-06-24,0.17566608,0.0024920169,2.039103,0.007848413,0.013924341,2.3462644
2023-06-25,0.1696949,0.002379631,2.040359,0.007849217,0.012543027,2.3400605
2023-06-26,0.1657285,0.0026619965,2.0414748,0.0077341534,0.011332091,2.340011
2023-06-27,0.16383015,0.0030018806,2.0393636,0.0076513444,0.011939025,2.3380573
2023-06-28,0.16538015,0.0030495583,2.0393133,0.007674943,0.012488001,2.335608
2023-06-29,0.16549698,0.0030453643,2.040021,0.0076883715,0.012146042,2.3351793
2023-06-30,0.16317625,0.0032526318,2.040264,0.007645283,0.011811331,2.3361204
2023-07-01,0.16172229,0.0034144481,2.0402598,0.007651566,0.012792959,2.337143
2023-07-02,0.16148253,0.0036637436,2.0375319,0.00764594,0.012493803,2.3368626
2023-07-03,0.16292433,0.0037795033,2.0285482,0.0077010645,0.014722118,2.32989
2023-07-04,0.16660368,0.0037522642,2.0266638,0.0077854237,0.015169572,2.3245025
2023-07-05,0.16885477,0.0037190074,2.0278544,0.007879146,0.015146385,2.324511
2023-07-06,0.16646276,0.004044543,2.02783,0.007826727,0.012474693,2.32696
2023-07-07,0.16414565,0.004297924,2.0249507,0.0078243995,0.01281712,2.32657
2023-07-08,0.16394623,0.0044070166,2.022765,0.007897738,0.013828795,2.323853
2023-07-09,0.1637697,0.0044577885,2.0220907,0.007974744,0.01524898,2.3220463
2023-07-10,0.16278318,0.004830162,2.0220985,0.007923662,0.0130688995,2.3224516
2023-07-11,0.16402595,0.005367146,2.0224278,0.007879146,0.011892573,2.3238416
2023-07-12,0.16484101,0.0062375106,2.0228238,0.0076591736,0.010233035,2.3298597
2023-07-13,0.16692469,0.007096418,2.0234742,0.007471884,0.01066988,2.337515
2023-07-14,0.16849574,0.0076842797,2.022508,0.007426185,0.011899491,2.3417003
2023-07-15,0.16945755,0.00800965,2.0198479,0.0074505615,0.012422899,2.3407102
2023-07-16,0.17133614,0.008365697,2.0176518,0.007500473,0.012517448,2.3380182
2023-07-17,0.17209446,0.008917777,2.0180914,0.0074068243,0.01132098,2.3400683
2023-07-18,0.17123778,0.009483668,2.0186493,0.007283712,0.011205601,2.3454485
2023-07-19,0.17105852,0.009941411,2.0165632,0.0072725834,0.012160455,2.3474035
2023-07-20,0.17298187,0.01028819,2.0144885,0.0073045194,0.012614154,2.3464663
2023-07-21,0.17503588,0.010598082,2.0127478,0.0073397094,0.013020517,2.3463438
2023-07-22,0.17770478,0.010772351,2.0068517,0.0075306143,0.016104681,2.3416226
2023-07-23,0.18185785,0.010719233,2.0049553,0.007791282,0.017943386,2.3350441
2023-07-24,0.18250738,0.010818064,2.0044026,0.007853486,0.014698996,2.3330047
2023-07-25,0.18163255,0.011098031,2.0054002,0.007823244,0.012601631,2.3355527
2023-07-26,0.18019994,0.011321346,2.0076938,0.007773586,0.012604424,2.341825
2023-07-27,0.17783022,0.011372045,2.0081117,0.0077888416,0.013771519,2.3470771
2023-07-28,0.17521182,0.011317563,2.0037642,0.007846677,0.014821498,2.3474467
2023-07-29,0.17403585,0.011386796,1.992707,0.0078037814,0.016210757,2.3392231
2023-07-30,0.17689864,0.011546999,1.9914832,0.007706864,0.014670708,2.3369775
2023-07-31,0.17841142,0.011574028,1.9917002,0.007722862,0.014375105,2.340199
2023-08-01,0.17761184,0.01160448,1.989374,0.0077451444,0.014179093,2.3415625
2023-08-02,0.17707223,0.011634416,1.9904952,0.007821072,0.014633101,2.3432074
2023-08-03,0.1742777,0.011866592,1.9923482,0.0077329576,0.01242767,2.3512256
2023-08-04,0.17296079,0.01196818,1.9901621,0.0077445414,0.013933879,2.355289
2023-08-05,0.17231172,0.011896052,1.9927237,0.007739331,0.013869618,2.360444
2023-08-06,0.16910662,0.011928297,1.9946537,0.00763146,0.012307658,2.3698726
2023-08-07,0.16650522,0.01195867,1.9948156,0.0076070735,0.012207568,2.376919
2023-08-08,0.1657333,0.011802731,1.9944768,0.007674886,0.013169098,2.3809621
2023-08-09,0.16523458,0.011545502,1.994583,0.007744618,0.014015417,2.384777
2023-08-10,0.16387336,0.011335257,1.9941144,0.0077993255,0.014306923,2.3882244
2023-08-11,0.16225739,0.011154846,1.9955521,0.007848108,0.0139974,2.3930342
2023-08-12,0.15989108,0.011141219,1.9960752,0.0078075505,0.012485275,2.4010787
2023-08-13,0.15911491,0.011018222,1.9930166,0.0077810907,0.012492242,2.405841
2023-08-14,0.16162698,0.010702175,1.9897745,0.0077546025,0.01219256,2.4084792
2023-08-15,0.16542009,0.010431484,1.9853014,0.0077389213,0.012528007,2.4112322
2023-08-16,0.16863903,0.010193503,1.9856064,0.007755016,0.012463048,2.4187818
2023-08-17,0.17106068,0.009955364,1.985318,0.0077727684,0.0118144285,2.4284365
2023-08-18,0.17223775,0.009727875,1.983955,0.007801339,0.012356394,2.4368732
2023-08-19,0.1735701,0.00947464,1.9852203,0.007820497,0.012674258,2.4481077
2023-08-20,0.17577499,0.009047247,1.9839162,0.007894594,0.015519227,2.458434
2023-08-21,0.17691045,0.008535869,1.9845673,0.007927838,0.015556972,2.46763
2023-08-22,0.17357533,0.0083836615,1.9859103,0.0078485245,0.012883964,2.4805546
2023-08-23,0.1725412,0.008189751,1.9847447,0.007826896,0.012717264,2.4914434
2023-08-24,0.17313199,0.007941754,1.9835973,0.007870948,0.013872834,2.5005734
2023-08-25,0.17359011,0.007602528,1.9846056,0.007934767,0.013829892,2.5113885
2023-08-26,0.17130795,0.007381952,1.9848746,0.008002579,0.013460022,2.5194259
2023-08-27,0.16900402,0.0072082737,1.9837899,0.008166215,0.015147383,2.5182965
2023-08-28,0.16599992,0.0070978953,1.9856085,0.008185124,0.014636253,2.5199006
2023-08-29,0.1633504,0.0068576494,1.9881976,0.008124286,0.014388125,2.525486
2023-08-30,0.16176243,0.0063722464,1.9887465,0.008159425,0.016667943,2.5297754
2023-08-31,0.16351932,0.005614267,1.9838512,0.008347053,0.022789618,2.525477
2023-09-01,0.16306463,0.0049848915,1.986685,0.0082829725,0.019017281,2.5262399
2023-09-02,0.15918249,0.005036116,1.987074,0.008185418,0.014683975,2.5278573
2023-09-03,0.16092792,0.004943416,1.9841406,0.008291976,0.014258147,2.5173092
2023-09-04,0.1648082,0.0045666723,1.9814365,0.008425279,0.0153727345,2.5039957
2023-09-05,0.16706781,0.0041443575,1.9819503,0.00854676,0.016046654,2.4979634
2023-09-06,0.16720511,0.0038225628,1.9810511,0.008610164,0.015152584,2.4953492
2023-09-07,0.16668424,0.0035401706,1.9792463,0.0086211795,0.01463399,2.4953022
2023-09-08,0.16580957,0.0032311524,1.9769692,0.008585206,0.014398831,2.4995139
2023-09-09,0.16583467,0.002958536,1.9755367,0.008545552,0.014687486,2.5077064
2023-09-10,0.16596639,0.0028792566,1.9743875,0.00842822,0.013887675,2.5233245
2023-09-11,0.16553758,0.0028486464,1.9739991,0.008307835,0.012970445,2.5445015
2023-09-12,0.16442321,0.0030393966,1.9725035,0.008192496,0.013379813,2.5676384
2023-09-13,0.16511677,0.0027815397,1.9674966,0.0081663765,0.016580088,2.5919843
2023-09-14,0.1653595,0.0021496508,1.9685252,0.008134238,0.015912957,2.623568
2023-09-15,0.16332434,0.0018284059,1.9689083,0.0081043085,0.015180952,2.6502028
2023-09-16,0.16174665,0.0015883424,1.9676056,0.008115195,0.01589083,2.6683483
2023-09-17,0.16031012,0.0012978102,1.9678329,0.008112241,0.015249541,2.688062
2023-09-18,0.15872124,0.0012014568,1.9679909,0.0081077395,0.014529421,2.7033103
2023-09-19,0.15695901,0.0011186067,1.9680517,0.008110963,0.014638159,2.7173522
2023-09-20,0.15471402,0.0009826418,1.9671804,0.008106388,0.014871767,2.7324545
2023-09-21,0.1537744,0.000958909,1.9645147,0.008141941,0.0146143865,2.7329988
2023-09-22,0.15526244,0.0009295739,1.9620563,0.008189045,0.014624461,2.727647
2023-09-23,0.15721726,0.00091959414,1.9628211,0.008219632,0.014442045,2.7268841
2023-09-24,0.15761246,0.00088970264,1.9626966,0.008236818,0.014312582,2.7305994
2023-09-25,0.15565139,0.00085831265,1.9625171,0.00822633,0.0147654405,2.7399373
2023-09-26,0.15322512,0.00095235865,1.9620394,0.008194895,0.0139870625,2.7428079
2023-09-27,0.15236887,0.0010623918,1.961823,0.008191952,0.013300328,2.7389042
2023-09-28,0.1527585,0.0011698459,1.9607735,0.008214958,0.013654354,2.7317626
2023-09-29,0.15363091,0.0011530899,1.9563133,0.008255697,0.015315769,2.7248912
2023-09-30,0.15709898,0.00088378746,1.9510632,0.008424785,0.019079423,2.7078965
2023-10-01,0.1589122,0.00068261113,1.9515324,0.008541336,0.017554156,2.6909735
2023-10-02,0.15880413,0.00063159165,1.9502261,0.008629556,0.015533402,2.6751742
2023-10-03,0.15897816,0.00058150466,1.9488302,0.008750605,0.01562223,2.6581945
2023-10-04,0.15705505,0.0004959189,1.9478855,0.008782989,0.016809046,2.6534123
2023-10-05,0.15385936,0.00041015676,1.9485804,0.008797897,0.017718015,2.6552837
2023-10-06,0.15223812,0.0004038184,1.9490752,0.008883142,0.017170673,2.6468914
2023-10-07,0.15166283,0.00046945602,1.9484571,0.008925742,0.016274698,2.6331458
2023-10-08,0.15133683,0.00056876737,1.9474816,0.008884924,0.014922165,2.6217048
2023-10-09,0.15132782,0.0006500929,1.9472615,0.0088750245,0.014448461,2.6123753
2023-10-10,0.15256633,0.00065212854,1.9470472,0.008958969,0.015113758,2.6003692
2023-10-11,0.15446998,0.00053675805,1.946964,0.009123334,0.017460909,2.5859122
2023-10-12,0.15483724,0.00044750058,1.9479297,0.009280423,0.01697454,2.5677598
2023-10-13,0.15297647,0.00049932813,1.9487027,0.009349811,0.016165232,2.5582507
2023-10-14,0.15061611,0.0005696592,1.9475996,0.009322577,0.016384602,2.559369
2023-10-15,0.14889613,0.00059990515,1.9441565,0.009157492,0.015865818,2.5662937
2023-10-16,0.14957736,0.0009620322,1.9393641,0.008912646,0.014789642,2.566873
2023-10-17,0.15555201,0.0017408394,1.9385574,0.008657411,0.013503118,2.5708075
2023-10-18,0.16183184,0.0022342196,1.9388903,0.008541688,0.013354661,2.57947
2023-10-19,0.16678943,0.0024549786,1.9394104,0.008544384,0.015280954,2.5914333
2023-10-20,0.16877767,0.002263118,1.9391955,0.008543235,0.016041784,2.6101534
2023-10-21,0.16825649,0.001860593,1.9386934,0.008556353,0.016874455,2.6279867
2023-10-22,0.16722344,0.0016032722,1.9403774,0.008623551,0.017063493,2.6338818
2023-10-23,0.16475336,0.0015868369,1.9416127,0.008658018,0.015183257,2.6350307
2023-10-24,0.16370375,0.001668502,1.9415222,0.00869954,0.015053459,2.635052
2023-10-25,0.1671957,0.0017796429,1.9360839,0.008751273,0.016784502,2.6215305
2023-10-26,0.17647563,0.0019356163,1.9330809,0.008695188,0.016716488,2.6103666
2023-10-27,0.18438217,0.002270477,1.9314114,0.00855459,0.015088209,2.6159503
2023-10-28,0.19094948,0.0023810733,1.9290258,0.008414109,0.014603805,2.6368845
2023-10-29,0.19458969,0.0025336428,1.9286987,0.008265306,0.013606159,2.6681972
2023-10-30,0.19683768,0.002675755,1.9294685,0.0082145985,0.013778574,2.691325
2023-10-31,0.19731009,0.0029335758,1.9310379,0.008221889,0.0127760805,2.6927574
2023-11-01,0.19915378,0.0038644806,1.9321828,0.008220992,0.012462279,2.6738684
2023-11-02,0.20411581,0.004973852,1.9250335,0.008051645,0.014555601,2.6668954
2023-11-03,0.22833931,0.006289525,1.9253972,0.007765876,0.016279384,2.6828036
2023-11-04,0.2578044,0.0067229,1.9099054,0.0076768054,0.019894192,2.7015505
2023-11-05,0.2879416,0.005920574,1.8869965,0.007695576,0.027476119,2.7410967
2023-11-06,0.31393546,0.0043648,1.8673825,0.0077493144,0.03603334,2.8112395
2023-11-07,0.32103983,0.0032671625,1.860156,0.007892503,0.04133106,2.847536
2023-11-08,0.32393736,0.0027534256,1.8765503,0.007832364,0.031796582,2.909892
2023-11-09,0.31405893,0.0023542484,1.8847867,0.0078074858,0.024231289,2.9584525
2023-11-10,0.29319516,0.002089381,1.8859231,0.007854661,0.021241954,2.9724836
2023-11-11,0.2809552,0.0017659686,1.8829297,0.007914073,0.02286513,2.980362
2023-11-12,0.27197868,0.0016261634,1.8821058,0.00792874,0.02046031,2.9668424
2023-11-13,0.2653326,0.0016367467,1.8766636,0.007971512,0.0204362,2.9406748
2023-11-14,0.26597774,0.0014892938,1.8655022,0.008040115,0.025658907,2.913076
2023-11-15,0.26512295,0.0011529353,1.8690236,0.007986499,0.015077435,2.8828025
2023-11-16,0.24295005,0.00091629603,1.8704981,0.007799571,0.009185465,2.8729804
2023-11-17,0.22596346,0.0010354222,1.8744524,0.007608943,0.006923171,2.8986232
2023-11-18,0.21659617,0.0018366345,1.8846239,0.0075124362,0.005355714,2.9211588
2023-11-19,0.2093029,0.002400106,1.8939825,0.0075588413,0.0051455726,2.9161808
2023-11-20,0.2031268,0.0027782086,1.9011989,0.007695482,0.005054931,2.8956263
2023-11-21,0.20146602,0.0029459957,1.9043113,0.007913949,0.0055550896,2.8532503
2023-11-22,0.20340957,0.002352471,1.8979445,0.008283202,0.006412768,2.781858
2023-11-23,0.20596217,0.0016398112,1.8933265,0.008211464,0.006511356,2.754431
2023-11-24,0.20280094,0.0012412749,1.893154,0.00824748,0.0062030717,2.7485063
2023-11-25,0.19762936,0.0010188621,1.8947237,0.00835604,0.006116972,2.7473173
2023-11-26,0.19263156,0.00092066714,1.8957355,0.008562638,0.0060172677,2.7362783
2023-11-27,0.18920733,0.0009025045,1.8960019,0.008621543,0.0058506797,2.7282476
2023-11-28,0.18727823,0.0006409893,1.8931442,0.00855235,0.0061033564,2.7303817
2023-11-29,0.18467204,0.0005118542,1.8923341,0.008405024,0.005946829,2.7497811
2023-11-30,0.18180667,0.00035814714,1.8957067,0.008119532,0.0058904923,2.8068547
2023-12-01,0.17809118,0.00026181265,1.8995159,0.007930535,0.005941574,2.8756447
2023-12-02,0.17444317,0.00022996347,1.9022491,0.007873877,0.0060429163,2.9270484
2023-12-03,0.171797,0.00019968879,1.9041737,0.007901551,0.0064030676,2.9621012
2023-12-04,0.16998771,0.00020853504,1.9012558,0.007918703,0.0070553785,2.9843981
2023-12-05,0.16877386,0.00022635356,1.895641,0.007976293,0.0063464423,2.9902673
2023-12-06,0.16720827,0.00034193194,1.896394,0.007716968,0.005660762,3.0327442
2023-12-07,0.16705759,0.00049383414,1.902554,0.006926175,0.0052705463,3.1226094
2023-12-08,0.16764781,0.00044105612,1.9050368,0.0065324516,0.0054888492,3.1686285
2023-12-09,0.16674577,0.00031334365,1.9065276,0.006719367,0.005786104,3.175934
2023-12-10,0.16314432,0.00025716503,1.902106,0.007262046,0.0054598446,3.1542783
2023-12-11,0.15951979,0.0004741274,1.9025062,0.0074237618,0.005068026,3.1548405
2023-12-12,0.15929563,0.000872112,1.9010109,0.007588284,0.005836186,3.13112
2023-12-13,0.16379061,0.0013699216,1.9047556,0.0075092027,0.0056666024,3.0879815
2023-12-14,0.16543783,0.001357367,1.9007798,0.007637593,0.005371831,3.064249
2023-12-15,0.16367875,0.0010347953,1.8941683,0.008021277,0.0056309034,3.0575604
2023-12-16,0.15963416,0.0009015928,1.8934485,0.008323917,0.0054012747,3.0475745
2023-12-17,0.15538184,0.0014084632,1.9035026,0.008142357,0.004559094,3.0309422
2023-12-18,0.15331708,0.0021581228,1.9165268,0.007891126,0.0044066445,3.0049963
2023-12-19,0.15323195,0.0022288114,1.9207844,0.008049284,0.0047723386,2.9918606
2023-12-20,0.1523239,0.002335033,1.9269074,0.008083258,0.004931337,2.9832742
2023-12-21,0.1505673,0.0027335687,1.935464,0.007938261,0.005606932,2.975716
2023-12-22,0.15375446,0.0030405833,1.9377078,0.008098283,0.0072319917,2.969477
2023-12-23,0.15991952,0.0029136718,1.9348638,0.008261484,0.0071569085,2.9664922
2023-12-24,0.16097338,0.002520014,1.9316156,0.008457842,0.006383786,2.9684367
2023-12-25,0.15840082,0.0022503263,1.9328574,0.008600892,0.0070318934,2.969897
2023-12-26,0.1554433,0.0020412556,1.9378412,0.008477667,0.008669445,2.9703655
2023-12-27,0.15251487,0.0018431981,1.943599,0.008225897,0.008723333,2.9696248
2023-12-28,0.14880091,0.001635599,1.9458969,0.008275326,0.008369123,2.9653802
2023-12-29,0.14497204,0.0023924883,1.9471987,0.008068222,0.0070900186,2.9480882
2023-12-30,0.14638352,0.0030782593,1.9435596,0.0077888393,0.0081424685,2.9383528
2023-12-31,0.15090397,0.0029486325,1.9404514,0.00786913,0.00761596,2.9384644
2024-01-01,0.14986446,0.0028651238,1.9429328,0.007936529,0.006348745,2.9356036
2024-01-02,0.14640252,0.002748729,1.9435087,0.008019028,0.005864354,2.9315135
2024-01-03,0.1446186,0.0024604865,1.9432247,0.008269986,0.005799717,2.9288116
2024-01-04,0.14415422,0.0023886051,1.9453123,0.008393377,0.0059390906,2.9242675
2024-01-05,0.14404447,0.0024827323,1.947543,0.008436028,0.006170328,2.9161353
2024-01-06,0.14391603,0.002341925,1.9480561,0.00861751,0.006943859,2.9095209
2024-01-07,0.14389068,0.0020262345,1.9481198,0.008847546,0.0077045853,2.9043174
2024-01-08,0.14377697,0.0016443307,1.9458287,0.008987633,0.0077891937,2.9032948
2024-01-09,0.14223509,0.0012270862,1.9412712,0.00907543,0.00748592,2.9098299
2024-01-10,0.140835,0.0011904923,1.9386297,0.009149185,0.0074269758,2.9133115
2024-01-11,0.13969727,0.00142908,1.9402043,0.009084439,0.0071356166,2.9067194
2024-01-12,0.13832857,0.0013854889,1.9415562,0.00919185,0.006902533,2.899704
2024-01-13,0.13807216,0.0014716011,1.9429435,0.009371222,0.006957871,2.889904
2024-01-14,0.13830273,0.00213697,1.9487742,0.009167887,0.007319207,2.8659563
2024-01-15,0.13832614,0.002259467,1.9524378,0.00903107,0.0073445477,2.8501723
2024-01-16,0.13913193,0.002286317,1.9526069,0.009129908,0.007112746,2.8419454
2024-01-17,0.1392641,0.002093219,1.9503047,0.009182326,0.007472174,2.842515
2024-01-18,0.13893758,0.0017308576,1.9470456,0.009273803,0.0072656227,2.8469555
2024-01-19,0.137596,0.0015822724,1.9445599,0.009298027,0.0071161767,2.8497918
2024-01-20,0.13576207,0.0015476414,1.943434,0.009087139,0.0072786524,2.8541946
2024-01-21,0.13479586,0.0016761092,1.9436984,0.008805881,0.008537301,2.8588238
2024-01-22,0.13652095,0.0016086603,1.9450558,0.008464909,0.00782522,2.8661036
2024-01-23,0.13625102,0.0013572527,1.9452184,0.008316824,0.0068689864,2.876067
2024-01-24,0.13461731,0.0011417633,1.9450074,0.008219254,0.006452121,2.8876934
2024-01-25,0.1323775,0.0011124405,1.9457791,0.008107282,0.00625941,2.8967679
2024-01-26,0.130408,0.001047616,1.9465761,0.00807056,0.0067494796,2.9034371
2024-01-27,0.128412,0.0008264029,1.9466977,0.008164655,0.007097307,2.9104464
2024-01-28,0.12785034,0.00087752164,1.9479462,0.008145774,0.006758438,2.909376
2024-01-29,0.13182229,0.0017112488,1.952378,0.007819898,0.0072567794,2.888758
2024-01-30,0.13640577,0.0016380139,1.9529021,0.008005455,0.0072134053,2.8816664
2024-01-31,0.13699989,0.0015526293,1.9549347,0.008225074,0.0067433985,2.8691823
2024-02-01,0.13745804,0.0020317188,1.9595917,0.008211531,0.007353102,2.842478
2024-02-02,0.13962856,0.0024788808,1.9638458,0.00820935,0.0071238894,2.8125353
2024-02-03,0.13944621,0.0027252238,1.9669168,0.008233618,0.006818972,2.7894757
2024-02-04,0.13777201,0.0026244617,1.968407,0.00834838,0.0074727586,2.7769296
2024-02-05,0.13656247,0.0025690943,1.9694407,0.008408649,0.0070274477,2.767927
2024-02-06,0.13871506,0.0034359419,1.9740187,0.00824209,0.006466109,2.7399163
2024-02-07,0.13961785,0.0035210543,1.9763867,0.008343845,0.0068432046,2.7304645
2024-02-08,0.13931161,0.0033365798,1.9779154,0.00843583,0.0066752527,2.7239113
2024-02-09,0.13737258,0.0029539159,1.9793386,0.00831145,0.0065283156,2.725896
2024-02-10,0.13403058,0.0023797026,1.9798182,0.008156049,0.006640053,2.7387688
2024-02-11,0.13082421,0.0018649339,1.9801714,0.008063626,0.0068723136,2.7491527
2024-02-12,0.1289406,0.0013933307,1.9803473,0.008231648,0.007520862,2.7515185
2024-02-13,0.1281297,0.0010104383,1.9799064,0.008581057,0.0077715013,2.7514126
2024-02-14,0.12945652,0.0012169771,1.980292,0.008373719,0.007426688,2.7391984
2024-02-15,0.13058726,0.0011020624,1.979569,0.008207502,0.007476246,2.7388606
2024-02-16,0.13008392,0.0008485984,1.9796649,0.008236976,0.007466605,2.7457895
2024-02-17,0.12767035,0.00047182266,1.9791558,0.008444984,0.007873815,2.756809
2024-02-18,0.12614852,0.00041595407,1.9798033,0.008487319,0.007968332,2.7618043
2024-02-19,0.12745556,0.0005070035,1.9818115,0.008362447,0.0073242034,2.7617018
2024-02-20,0.12694466,0.00050650944,1.983554,0.0083556315,0.006839538,2.7609246
2024-02-21,0.12663428,0.00065744476,1.9865451,0.008269208,0.0067954613,2.752453
2024-02-22,0.12645161,0.0007888866,1.9907104,0.008092471,0.006679464,2.7431116
2024-02-23,0.12509881,0.0007401859,1.9935576,0.008159908,0.0066894614,2.7384484
2024-02-24,0.12285889,0.00063840975,1.9951472,0.008271753,0.0072014774,2.7354167
2024-02-25,0.12090119,0.00051493663,1.9961206,0.00839351,0.007309292,2.732512
2024-02-26,0.1208675,0.00051198486,1.9974351,0.008523543,0.006687884,2.7281
2024-02-27,0.119821504,0.0005572982,1.9989872,0.008465898,0.0065680863,2.7232852
2024-02-28,0.118909754,0.0006496773,2.0011642,0.008175736,0.0064628725,2.7192595
2024-02-29,0.11825804,0.0007129889,2.003538,0.0078837415,0.006412025,2.7179449
2024-03-01,0.11786363,0.00071661116,2.0059133,0.007670211,0.00637959,2.7180614
2024-03-02,0.117462486,0.0006285778,2.0068908,0.0077210623,0.0067361267,2.71907
2024-03-03,0.11651639,0.0004254277,2.0068703,0.008021213,0.0071013747,2.721439
2024-03-04,0.11513489,0.00028343586,2.0062246,0.008442593,0.0068985033,2.723556
2024-03-05,0.11363957,0.0002507735,2.0063958,0.008738748,0.0068783984,2.7238827
2024-03-06,0.11250477,0.00023733216,2.0078251,0.00888532,0.0069729867,2.7219217
2024-03-07,0.11173103,0.0002024064,2.0089064,0.00905783,0.006953234,2.719559
2024-03-08,0.111035995,0.00019327726,2.0094025,0.009248274,0.0066135367,2.7178364
2024-03-09,0.110213645,0.00020266177,2.0100892,0.009364789,0.006667457,2.715934
2024-03-10,0.10946371,0.00020009675,2.0089552,0.009520207,0.0068938117,2.7132661
2024-03-11,0.10917415,0.00019423047,2.0090132,0.009442066,0.0063918564,2.7124429
2024-03-12,0.10924568,0.0002939806,2.0108511,0.009281324,0.0057233945,2.7116625
2024-03-13,0.109578505,0.0003379413,2.0121741,0.009294459,0.0057014306,2.7104592
2024-03-14,0.11000189,0.00035851405,2.014021,0.009186421,0.0056077978,2.7094767
2024-03-15,0.11023855,0.00040571965,2.0163753,0.008898647,0.0054426263,2.7089152
2024-03-16,0.11009954,0.00041594892,2.0182748,0.008744507,0.005436412,2.708762
2024-03-17,0.109831795,0.00037398504,2.0195398,0.008816739,0.005571376,2.7081232
2024-03-18,0.10940472,0.0003143952,2.0206196,0.0089805145,0.005743818,2.7064822
2024-03-19,0.108845696,0.00026618887,2.0213912,0.009087045,0.0059117945,2.7043529
2024-03-20,0.108410366,0.00027077756,2.0228426,0.0090903165,0.0055994284,2.7028215
2024-03-21,0.10865613,0.00034578482,2.0258882,0.0089493515,0.0052201003,2.7018871
2024-03-22,0.10924811,0.00037095876,2.028308,0.0088954875,0.005375413,2.7007036
2024-03-23,0.109635204,0.0003631563,2.029316,0.008997416,0.005560705,2.6995444
2024-03-24,0.11016682,0.00037486665,2.0306656,0.009000405,0.005234952,2.6982737
2024-03-25,0.11128591,0.00051168195,2.032557,0.008760252,0.0046364563,2.6963346
2024-03-26,0.11137187,0.00050608604,2.033658,0.008741507,0.0048292796,2.695102
2024-03-27,0.110850595,0.0003653168,2.0342054,0.00896174,0.005132558,2.6931
2024-03-28,0.11022976,0.0003202965,2.032834,0.009116234,0.005362233,2.6885293
2024-03-29,0.109754115,0.00049605547,2.0306413,0.008859694,0.005613711,2.6845174
2024-03-30,0.11093508,0.0005943621,2.032262,0.008413359,0.00493037,2.6846905
2024-03-31,0.11157784,0.000637612,2.0356712,0.008127261,0.0044842227,2.6852455
2024-04-01,0.1118741,0.0006578098,2.037989,0.007984703,0.0045305695,2.684103
2024-04-02,0.11196753,0.0006080605,2.039435,0.00798801,0.004609797,2.6821568
2024-04-03,0.11193523,0.0005149932,2.0402358,0.008171443,0.004938837,2.6790004
2024-04-04,0.11117383,0.0004859772,2.0399282,0.008272365,0.005577728,2.6721594
2024-04-05,0.11070375,0.0005054778,2.040053,0.008115831,0.0055908384,2.6635768
2024-04-06,0.11090586,0.00052498665,2.0408955,0.008041677,0.0047687427,2.65943
2024-04-07,0.11029967,0.0005621198,2.041994,0.0080045285,0.0044082166,2.65837
2024-04-08,0.10960558,0.0006448899,2.0415747,0.007866109,0.004533851,2.6555262
2024-04-09,0.10933142,0.00069618854,2.0420763,0.0077004293,0.004171124,2.6528554
2024-04-10,0.109253556,0.00061906956,2.0433555,0.007823584,0.004098486,2.6504555
2024-04-11,0.10982338,0.00052574184,2.0439978,0.008140166,0.0042458945,2.6467235
2024-04-12,0.110184886,0.0005928272,2.0436068,0.008428544,0.004932951,2.6412709
2024-04-13,0.11157125,0.00068134314,2.0422254,0.008732358,0.0052574687,2.6356497
2024-04-14,0.11255854,0.00066966563,2.0416448,0.008789741,0.00455688,2.6311793
2024-04-15,0.112422675,0.00072095526,2.0429258,0.008549325,0.004084766,2.6278427
2024-04-16,0.112241715,0.0007522288,2.045079,0.0083275465,0.003922294,2.6249049
2024-04-17,0.111940384,0.0007996336,2.0472405,0.008093256,0.003876898,2.6218364
2024-04-18,0.111376435,0.00080085074,2.0491965,0.007967437,0.0038975552,2.6188781
2024-04-19,0.111077905,0.0007442166,2.0505466,0.008057964,0.003988103,2.6159437
2024-04-20,0.11081718,0.00070993725,2.0510268,0.008202133,0.004000798,2.612422
2024-04-21,0.11054021,0.00069897395,2.0514395,0.008280967,0.0040652375,2.608711
2024-04-22,0.11036377,0.0007056373,2.0514843,0.008383851,0.0043031196,2.6046162
2024-04-23,0.110514365,0.0006945439,2.0517242,0.008490848,0.004169879,2.6007671
2024-04-24,0.11060386,0.00068891176,2.051832,0.008576976,0.0040516336,2.5966933
2024-04-25,0.110782035,0.0006999131,2.052197,0.008586059,0.003886791,2.592693
2024-04-26,0.110982396,0.0007000123,2.05359,0.008549865,0.003759445,2.5898721
2024-04-27,0.11100576,0.0007147171,2.0550284,0.008466115,0.0037672091,2.5870693
2024-04-28,0.11112432,0.00070534716,2.0547638,0.008458952,0.004068071,2.5825453
2024-04-29,0.111464724,0.0006586347,2.054238,0.008603158,0.0040807547,2.5783327
2024-04-30,0.11169097,0.00059891504,2.0541883,0.008803626,0.004403158,2.5746663
2024-05-01,0.11183327,0.00053828955,2.0536802,0.008970506,0.004247076,2.5710316
2024-05-02,0.11171792,0.00057750376,2.0545075,0.008852354,0.003722597,2.568413
2024-05-03,0.11166273,0.00061136467,2.056222,0.008788608,0.0035428219,2.5667953
2024-05-04,0.111675896,0.0006317058,2.0577972,0.0087933615,0.0034513231,2.5653946
2024-05-05,0.11132736,0.00065058825,2.0591688,0.008721504,0.0034901458,2.56361
2024-05-06,0.111005574,0.00066998275,2.0602288,0.008602366,0.003599591,2.561282
2024-05-07,0.11091513,0.0006558019,2.060976,0.008560286,0.0036480946,2.5588486
2024-05-08,0.11111971,0.0006080462,2.061445,0.008693664,0.003793554,2.5567324
2024-05-09,0.11175633,0.0005538787,2.061637,0.008920635,0.004019582,2.5547326
2024-05-10,0.11227197,0.00049564097,2.0618384,0.009121394,0.004144075,2.552645
2024-05-11,0.11250827,0.0004916102,2.062262,0.009240753,0.0041827993,2.5507226
2024-05-12,0.11298252,0.00046680024,2.0626192,0.009384295,0.00419101,2.5490317
2024-05-13,0.11324507,0.00044774855,2.0630934,0.009477062,0.0039542285,2.5473814
2024-05-14,0.11326775,0.0004752243,2.0638728,0.00945914,0.0037640757,2.5458634
2024-05-15,0.11339152,0.000535214,2.0647984,0.009307788,0.0034576298,2.5442905
2024-05-16,0.113856345,0.00054273405,2.0657198,0.0092775775,0.0034989421,2.542915
2024-05-17,0.1142607,0.0005341045,2.066421,0.009302537,0.003635727,2.5413642
2024-05-18,0.114506155,0.00050896266,2.0670235,0.009328073,0.003737919,2.5396566
2024-05-19,0.11476774,0.0005160295,2.0675182,0.009317595,0.0035806412,2.538183
2024-05-20,0.11458943,0.0005117685,2.0677135,0.009064468,0.0033225091,2.5347776
2024-05-21,0.11418467,0.00052961695,2.068086,0.008750669,0.0032091457,2.5309672
2024-05-22,0.11372585,0.0005678017,2.0688052,0.008480341,0.003051496,2.5275102
2024-05-23,0.11297296,0.00055178,2.06978,0.008330497,0.002962591,2.5245903
2024-05-24,0.11225242,0.00052694295,2.0709424,0.008295148,0.0029864383,2.5224195
2024-05-25,0.11156395,0.00050690456,2.0719037,0.008289514,0.0030727591,2.5200453
2024-05-26,0.11111952,0.0004668608,2.072572,0.008401788,0.0031407794,2.5180068
2024-05-27,0.110611536,0.00044088962,2.073227,0.008508886,0.003069303,2.516105
2024-05-28,0.11002415,0.00043196074,2.0737836,0.008599063,0.0031075012,2.514059
2024-05-29,0.10946388,0.00043741407,2.0741715,0.008583482,0.0029374931,2.5113869
2024-05-30,0.10920768,0.00044878686,2.0746195,0.008418276,0.0029591299,2.5078413
2024-05-31,0.10925654,0.00044221326,2.0748878,0.008335743,0.0029981826,2.5044098
2024-06-01,0.10928686,0.00043486792,2.074214,0.008287712,0.0029859056,2.500109
2024-06-02,0.10917905,0.00043395118,2.0741656,0.008157225,0.0029125193,2.496152
2024-06-03,0.10923693,0.00041952255,2.0752347,0.008066587,0.002975564,2.4935946
2024-06-04,0.10949406,0.00039404884,2.0762336,0.008100538,0.0030367323,2.491479
2024-06-05,0.109644406,0.00038793194,2.0771983,0.008235666,0.0032457109,2.4897802
2024-06-06,0.10945612,0.00036662992,2.0780275,0.008431149,0.00343407,2.4881806
2024-06-07,0.10918318,0.00032989818,2.0785837,0.008654925,0.003644101,2.486335
2024-06-08,0.10871456,0.0003197626,2.0777524,0.008824262,0.003962646,2.482651
2024-06-09,0.107970715,0.0003523722,2.075948,0.008886599,0.0043858937,2.4774325
2024-06-10,0.10776177,0.00033220949,2.0737925,0.008875352,0.0042410763,2.4716969
2024-06-11,0.10711326,0.00030938038,2.0731862,0.008839615,0.0038808964,2.4676785
2024-06-12,0.106955096,0.00027928024,2.0730822,0.009002367,0.0041974103,2.4647176
2024-06-13,0.107472226,0.0002567918,2.0717187,0.009235077,0.004348082,2.460448
2024-06-14,0.10746919,0.0003382606,2.0706234,0.009076872,0.0040257196,2.455783
2024-06-15,0.10766525,0.00039821654,2.0690365,0.0088052405,0.004089872,2.4503958
2024-06-16,0.10839456,0.0003749243,2.0653532,0.008893713,0.0048253518,2.4432406
2024-06-17,0.108971,0.0003920581,2.0632813,0.008962966,0.0050917594,2.4378822
2024-06-18,0.110013604,0.00040339108,2.063932,0.009003161,0.004235967,2.4357238
2024-06-19,0.110994354,0.00038857973,2.0647922,0.009094356,0.0041454462,2.4341342
2024-06-20,0.112039715,0.0005786416,2.0627017,0.009197614,0.0052438406,2.429535
2024-06-21,0.11443235,0.0007220464,2.0609498,0.009103591,0.00475395,2.425323
2024-06-22,0.11676742,0.00066101947,2.0608888,0.00908221,0.0039534643,2.4229238
2024-06-23,0.11802294,0.00071639416,2.061145,0.00899972,0.003824159,2.4210002
2024-06-24,0.119049765,0.0007785655,2.0603242,0.008795694,0.0040504145,2.4173799
2024-06-25,0.12044724,0.00074183167,2.0580506,0.008705319,0.0045562168,2.411857
2024-06-26,0.12127858,0.00072586816,2.0551834,0.008670741,0.004464007,2.4051726
2024-06-27,0.121135205,0.00080662116,2.0533686,0.008476184,0.0038293053,2.3986988
2024-06-28,0.121009365,0.0009796536,2.0513937,0.008290157,0.0035508436,2.3930256
2024-06-29,0.12128627,0.00110349,2.048966,0.008254112,0.0039505917,2.387748
2024-06-30,0.1219712,0.0011847055,2.0471978,0.008275194,0.003977851,2.3834352
2024-07-01,0.12255234,0.0014458268,2.0432293,0.008152957,0.0041130655,2.377348
2024-07-02,0.1235828,0.0016368895,2.039864,0.008064266,0.0039039967,2.3722801
2024-07-03,0.12512381,0.001744167,2.0385497,0.008028732,0.003387215,2.370385
2024-07-04,0.12644245,0.0018144146,2.0374842,0.008053811,0.0035158158,2.3690512
2024-07-05,0.12844756,0.0017223934,2.0378878,0.008221516,0.0037258293,2.3688142
2024-07-06,0.1302236,0.0015893583,2.039139,0.008297871,0.0039286097,2.368438
2024-07-07,0.13140282,0.0016439959,2.0383914,0.008398972,0.0041111945,2.3666096
2024-07-08,0.13220358,0.0018485967,2.0360684,0.008378347,0.004071318,2.3636315
2024-07-09,0.13288838,0.0020811332,2.0326385,0.008394349,0.0039845966,2.3597019
2024-07-10,0.13356742,0.0023914422,2.0287871,0.008335624,0.0038765585,2.3554668
2024-07-11,0.13518591,0.0027185804,2.0258803,0.008221026,0.0037754748,2.3526585
2024-07-12,0.13692474,0.0030229997,2.0231934,0.008143791,0.0038366392,2.3501015
2024-07-13,0.13804115,0.003465779,2.0205677,0.0080006905,0.0037047148,2.3479226
2024-07-14,0.13908,0.0039451937,2.0182889,0.007922183,0.0038138966,2.3473034
2024-07-15,0.14066678,0.004272762,2.016259,0.007972586,0.0039400524,2.34718
2024-07-16,0.14259085,0.0044930107,2.015131,0.007999379,0.003847027,2.3478239
2024-07-17,0.1443806,0.0046440186,2.014748,0.008003778,0.0035803486,2.350277
2024-07-18,0.1459322,0.0047040903,2.0147011,0.008035612,0.0035895796,2.3531928
2024-07-19,0.14681321,0.0048001655,2.013179,0.008060496,0.0036946817,2.3540864
2024-07-20,0.14689048,0.0049887206,2.0080266,0.0080640195,0.004170319,2.3514342
2024-07-21,0.14637916,0.0052960645,2.0031419,0.007987565,0.0041632983,2.3501487
2024-07-22,0.14621562,0.0055250316,2.000747,0.007895208,0.0039512846,2.3525379
2024-07-23,0.14653479,0.0055052573,1.9987049,0.007849486,0.003859628,2.3555677
2024-07-24,0.14632413,0.0056067132,1.9988859,0.0077106347,0.003566401,2.3617983
2024-07-25,0.14697878,0.005769248,1.9996051,0.0076131616,0.0040629753,2.3683321
2024-07-26,0.14831841,0.005788974,1.9982125,0.0075745913,0.004174336,2.3715973
2024-07-27,0.14965683,0.005729708,1.9971552,0.007546298,0.0040493347,2.3754473
2024-07-28,0.15041703,0.005735294,1.9954779,0.0075234585,0.0042827306,2.3789806
2024-07-29,0.15126172,0.0057970826,1.9951636,0.007452029,0.004088776,2.3843334
2024-07-30,0.14981669,0.0064668246,1.9974368,0.007236065,0.003474927,2.3970003
2024-07-31,0.14842968,0.0071233283,1.9983685,0.007101798,0.0034490442,2.407841
2024-08-01,0.1483556,0.007332798,1.9974397,0.00711968,0.0037240665,2.4154558
2024-08-02,0.14959165,0.0069988766,1.9936836,0.0073382347,0.0045018704,2.4186006
2024-08-03,0.15146007,0.0063865245,1.9926732,0.0075865863,0.0044961637,2.424041
2024-08-04,0.15245634,0.006027268,1.9956242,0.007701623,0.0043246155,2.4305823
2024-08-05,0.15367426,0.005489083,1.9967494,0.007972306,0.004092283,2.432157
2024-08-06,0.1547783,0.0047740666,1.9946828,0.008328495,0.003905914,2.4298902
2024-08-07,0.15515062,0.004051797,1.9915036,0.008659065,0.00389212,2.4278853
2024-08-08,0.1553674,0.0034243162,1.9895971,0.008876461,0.0041058846,2.4291022
2024-08-09,0.15617532,0.0026698322,1.9797512,0.009134059,0.005668226,2.4196668
2024-08-10,0.15722273,0.0019913812,1.9732465,0.009275209,0.005603276,2.4140522
2024-08-11,0.1564231,0.0014670882,1.9688016,0.009492912,0.0046299743,2.4091928
2024-08-12,0.15419516,0.0012957011,1.9653597,0.0094665745,0.004128903,2.4093964
2024-08-13,0.15274632,0.00130507,1.9656975,0.009227718,0.0042775427,2.4197512
2024-08-14,0.15235278,0.0013088328,1.9672723,0.00894492,0.004413228,2.436514
2024-08-15,0.15285519,0.0012201406,1.9694146,0.008673175,0.0042082737,2.459384
2024-08-16,0.15259758,0.0010820437,1.9719518,0.008574302,0.0040052645,2.481578
2024-08-17,0.15191814,0.00097422686,1.9750286,0.008526945,0.003843624,2.502409
2024-08-18,0.15064406,0.0009259278,1.9764004,0.008509093,0.003814119,2.5208292
2024-08-19,0.15001953,0.00086737005,1.9774871,0.008350114,0.0038861295,2.543149
2024-08-20,0.1495548,0.0007772506,1.9766023,0.008191478,0.00412062,2.5645175
2024-08-21,0.14902443,0.0007406861,1.9736052,0.008108346,0.0044255992,2.582507
2024-08-22,0.14924827,0.00062115357,1.969447,0.008143983,0.0045433436,2.5976424
2024-08-23,0.1481801,0.00062542455,1.9701825,0.008117231,0.0042007426,2.6161911
2024-08-24,0.14828126,0.0005203256,1.969573,0.008120787,0.004570211,2.6308618
2024-08-25,0.1480254,0.00046331354,1.9681072,0.008135445,0.0044310293,2.6440518
2024-08-26,0.14784242,0.00041488718,1.9649618,0.008250118,0.0046073874,2.651133
2024-08-27,0.1475588,0.0003451758,1.9635531,0.0083139455,0.0045436476,2.6613252
2024-08-28,0.14625838,0.00032376306,1.965462,0.008296751,0.004350397,2.675748
2024-08-29,0.14436546,0.00033517377,1.9664598,0.008231688,0.004328277,2.6862903
2024-08-30,0.1436018,0.00027117666,1.9642409,0.008232027,0.0046494477,2.6911695
2024-08-31,0.14239539,0.00023511316,1.9632983,0.008258149,0.004510771,2.698928
2024-09-01,0.14111044,0.00021690459,1.9640607,0.008323551,0.0045638364,2.7073405
2024-09-02,0.14023988,0.00019040736,1.9648043,0.008341776,0.004754133,2.7158518
2024-09-03,0.13914603,0.00020349491,1.9650184,0.008289299,0.0045755287,2.7230327
2024-09-04,0.13859263,0.00023696713,1.9617519,0.008342841,0.004998464,2.7226348
2024-09-05,0.13845685,0.00022894454,1.954611,0.008421876,0.005359276,2.7184682
2024-09-06,0.13772544,0.00023063942,1.950417,0.008410883,0.0054033324,2.7228203
2024-09-07,0.13641244,0.00024284182,1.9541314,0.008292637,0.0047231163,2.7380342
2024-09-08,0.1359709,0.00019170214,1.9532669,0.008415593,0.004958289,2.7410228
2024-09-09,0.1357182,0.00014358647,1.9454998,0.008611232,0.0052448106,2.7336926
2024-09-10,0.13540132,0.00011021737,1.939623,0.008699566,0.0059586354,2.7326155
2024-09-11,0.13479221,0.000108891196,1.9394846,0.0088727055,0.005765518,2.7327693
2024-09-12,0.13433965,0.00010960892,1.9382112,0.009258142,0.005495196,2.7226229
2024-09-13,0.13374573,0.000112741385,1.935307,0.009485057,0.0052464753,2.7132237
2024-09-14,0.13286896,0.00010109743,1.9330567,0.009381799,0.005238751,2.713739
2024-09-15,0.13204286,7.975556e-05,1.930728,0.009215132,0.0053108223,2.7198935
2024-09-16,0.13105533,6.4862645e-05,1.927683,0.00900104,0.0053426377,2.7328308
2024-09-17,0.12922376,6.209423e-05,1.9266987,0.008637298,0.0050935145,2.7629533
2024-09-18,0.12757733,6.9278685e-05,1.927822,0.008376488,0.0048892098,2.8007665
2024-09-19,0.12872592,7.089914e-05,1.9291548,0.0082300985,0.0048299427,2.8388352
2024-09-20,0.13047436,7.492634e-05,1.9283564,0.008214069,0.004852725,2.868857
2024-09-21,0.13238709,8.247448e-05,1.9279004,0.008151054,0.005312419,2.901477
2024-09-22,0.13404404,7.1739065e-05,1.9295121,0.008042874,0.0053768293,2.932961
2024-09-23,0.13612716,6.32872e-05,1.9288725,0.0080295345,0.0061975014,2.9615667
2024-09-24,0.13809806,6.278159e-05,1.9292588,0.008011497,0.007561404,2.996003
2024-09-25,0.13771103,0.00012211883,1.9369929,0.007867812,0.005046981,2.996221
2024-09-26,0.13597277,0.00023122033,1.9469668,0.0077236695,0.0048205582,2.9808204
2024-09-27,0.13555409,0.00016154161,1.9546263,0.0076022553,0.0057982006,2.9687812
2024-09-28,0.13495192,0.00014156918,1.9572803,0.007651267,0.0056476113,2.954554
2024-09-29,0.13452567,0.00015367437,1.9578204,0.007887168,0.005285134,2.9393885
2024-09-30,0.13436478,0.00023312394,1.957423,0.008120529,0.0049782535,2.9144442
2024-10-01,0.13527808,0.00020726166,1.9516319,0.008350301,0.005377995,2.887799
2024-10-02,0.13588025,0.00012701105,1.9419576,0.00847984,0.005797328,2.8678255
2024-10-03,0.1350119,0.00012359995,1.9362801,0.008592627,0.0056038667,2.8559756
2024-10-04,0.13418642,0.00010141232,1.9332248,0.008673256,0.006202118,2.8536997
2024-10-05,0.13310298,6.534087e-05,1.9239209,0.008662482,0.008539641,2.8526852
2024-10-06,0.13191497,6.1510065e-05,1.9192516,0.00862406,0.00861148,2.8548727
2024-10-07,0.13108668,6.0637904e-05,1.918642,0.008726846,0.008978737,2.8588216
2024-10-08,0.13005368,6.602724e-05,1.9228398,0.008617734,0.0067421505,2.8694685
2024-10-09,0.12873359,0.0002933957,1.9338619,0.008226743,0.0044014817,2.8814788
2024-10-10,0.12929255,0.00077687344,1.9451659,0.008059917,0.0038505855,2.8641994
2024-10-11,0.13145535,0.0007193132,1.9475162,0.008411352,0.0039021256,2.8444192
2024-10-12,0.13231435,0.0008841715,1.9495274,0.008682638,0.0045383726,2.8266194
2024-10-13,0.13339898,0.0009108308,1.9522624,0.0087604765,0.004647247,2.8233314
2024-10-14,0.13426365,0.0008253136,1.9541591,0.008763102,0.0043767854,2.823819
2024-10-15,0.13502148,0.000702404,1.9553611,0.008877757,0.0042232983,2.8193932
2024-10-16,0.13526131,0.0006016675,1.9575735,0.008964158,0.004410556,2.8180423
2024-10-17,0.13484876,0.0005401143,1.9551793,0.009064107,0.004899037,2.8088818
2024-10-18,0.13392603,0.0005415035,1.9474037,0.009124433,0.004935199,2.7868235
2024-10-19,0.1314779,0.00090907206,1.943285,0.009061083,0.005687506,2.7747853
2024-10-20,0.13121599,0.0009314502,1.9415088,0.008958913,0.0055765794,2.7715364
2024-10-21,0.13113119,0.00072111824,1.9368181,0.00900607,0.0049781455,2.7548532
2024-10-22,0.13020286,0.00064074114,1.9303136,0.008920117,0.005121638,2.7308307
2024-10-23,0.12915616,0.00057820283,1.9253947,0.0086846445,0.0050406503,2.7115755
2024-10-24,0.12831442,0.000595056,1.9228907,0.0086349575,0.005083926,2.7021358
2024-10-25,0.1279543,0.0005240467,1.9159255,0.008558461,0.005609807,2.6987119
2024-10-26,0.12674636,0.00032680936,1.8991836,0.0082798,0.010321586,2.7221754
2024-10-27,0.12463937,0.00017294157,1.8692044,0.0078308135,0.027725006,2.8043702
2024-10-28,0.123892866,0.000104368715,1.8534998,0.007780623,0.040140495,2.8667686
2024-10-29,0.12214987,9.352454e-05,1.8528687,0.007724775,0.05097691,2.9504437
2024-10-30,0.12013091,9.3299845e-05,1.8515706,0.007816857,0.06292051,3.0167565
2024-10-31,0.11916219,0.000117896874,1.8454574,0.00804063,0.06631732,3.0245905
2024-11-01,0.11890356,9.9682715e-05,1.8393172,0.008096431,0.07348493,3.0597415
2024-11-02,0.117754765,9.862301e-05,1.8356503,0.007992411,0.086003415,3.1367757
2024-11-03,0.11693822,9.705057e-05,1.8333144,0.00784699,0.1038534,3.2472115
2024-11-04,0.11616603,9.147903e-05,1.8343471,0.00785431,0.11271413,3.3204372
2024-11-05,0.115451895,9.00496e-05,1.83632,0.0080740675,0.11212849,3.335456
2024-11-06,0.115174964,8.700654e-05,1.8384354,0.00836248,0.108500585,3.3274558
2024-11-07,0.11554466,8.59667e-05,1.8416424,0.008555574,0.106105834,3.3294783
2024-11-08,0.11591283,8.488554e-05,1.8451285,0.008564758,0.10770856,3.355498
2024-11-09,0.116646305,8.41696e-05,1.8495227,0.008539646,0.10720836,3.370376
2024-11-10,0.11783582,8.354025e-05,1.8536685,0.0086148875,0.10463158,3.3700397
2024-11-11,0.12003378,8.497576e-05,1.859488,0.008509772,0.09824618,3.3596656
2024-11-12,0.12300413,8.768307e-05,1.8683059,0.008205865,0.08774372,3.335218
2024-11-13,0.12352887,8.448184e-05,1.8759265,0.007945813,0.08076111,3.3239348
2024-11-14,0.12282891,0.00010265198,1.879068,0.007693893,0.07561696,3.3115916
2024-11-15,0.13320377,0.00034505702,1.8852648,0.0076082917,0.056825828,3.2396452
2024-11-16,0.15460683,0.0005342246,1.8887956,0.0076645077,0.038665853,3.1667256
2024-11-17,0.16898584,0.0005424669,1.8982846,0.0072426507,0.019037982,3.1097891
2024-11-18,0.1660863,0.00092985894,1.9134734,0.006618573,0.008961132,3.0647202
2024-11-19,0.15565427,0.0009727412,1.9209911,0.006523053,0.008502109,3.0392215
2024-11-20,0.14660609,0.0007256191,1.9210653,0.0067125363,0.009171784,3.01892
2024-11-21,0.13877635,0.0007966255,1.9214538,0.006794421,0.00754534,3.0012212
2024-11-22,0.13347536,0.0007386178,1.9216503,0.0070474483,0.0069664437,2.9887812
2024-11-23,0.1288105,0.0006423983,1.924414,0.0072393655,0.0061159427,2.9829693
2024-11-24,0.12489679,0.0007809341,1.928793,0.0072086616,0.0055482197,2.977401
2024-11-25,0.12267306,0.00089029653,1.9311521,0.0072359596,0.005588462,2.9704936
2024-11-26,0.12133963,0.0008492651,1.9277438,0.00745132,0.005921415,2.958658
2024-11-27,0.120111294,0.000792229,1.9256991,0.007556693,0.005936935,2.9486277
2024-11-28,0.11812477,0.0008702574,1.9286114,0.007333988,0.0054061245,2.944204
2024-11-29,0.11665348,0.00090119377,1.9310608,0.007255641,0.005289481,2.9408627
2024-11-30,0.11601513,0.0008833924,1.932318,0.0073933555,0.005572173,2.93709
2024-12-01,0.11539722,0.0010577898,1.9327374,0.0075191,0.006257123,2.9317987
2024-12-02,0.11652067,0.0013955778,1.9225603,0.007533306,0.007055188,2.9118562
2024-12-03,0.11798892,0.0014503066,1.9152316,0.007372227,0.005516796,2.8973289
2024-12-04,0.11845559,0.001406198,1.9128692,0.0073085045,0.00507828,2.8955433
2024-12-05,0.11910104,0.0014143689,1.9099543,0.007388171,0.005834776,2.8976226
2024-12-06,0.119917974,0.0014973963,1.9070305,0.007605449,0.0068849404,2.895554
2024-12-07,0.121060826,0.001663109,1.9028581,0.007856215,0.007944111,2.8849523
2024-12-08,0.12378911,0.0016759875,1.893782,0.008111372,0.008709805,2.867829
2024-12-09,0.1262572,0.0016271862,1.8873205,0.008329235,0.008940824,2.8554227
2024-12-10,0.1274996,0.0013344337,1.8853784,0.008668302,0.0073808925,2.851237
2024-12-11,0.12489956,0.0011834888,1.8829101,0.009024705,0.0066683423,2.8455236
2024-12-12,0.12517649,0.0013790494,1.8799051,0.008764665,0.0061669596,2.837607
2024-12-13,0.12800325,0.0013670714,1.8759488,0.008378347,0.006372433,2.8392742
2024-12-14,0.127403,0.0013213123,1.8725806,0.008516983,0.0060374257,2.8393161
2024-12-15,0.12591861,0.0013116295,1.8693709,0.008715853,0.006079323,2.833403
2024-12-16,0.12528983,0.0012900727,1.8675492,0.008862245,0.005924872,2.8312287
2024-12-17,0.123267174,0.0018086944,1.8727435,0.00866592,0.006576078,2.8204947
2024-12-18,0.12534784,0.0025376077,1.8824002,0.008230503,0.007849652,2.8036954
2024-12-19,0.1278843,0.002689952,1.8832008,0.008201898,0.009359294,2.7856393
2024-12-20,0.12891108,0.0025443262,1.8798367,0.008179728,0.00921834,2.7741566
2024-12-21,0.12894571,0.0025854586,1.8802835,0.008306904,0.0077297245,2.7702837
2024-12-22,0.13040026,0.0029365788,1.884201,0.008464966,0.007190967,2.7646508
2024-12-23,0.13284236,0.0033813103,1.8890865,0.008486613,0.007603977,2.7596123
2024-12-24,0.13685232,0.0033965663,1.8909237,0.008610317,0.007683435,2.7575252
2024-12-25,0.13643135,0.0030653898,1.8896146,0.0087720705,0.00804684,2.7586453
2024-12-26,0.13571943,0.0026555974,1.8884449,0.008920824,0.009043551,2.7630157
2024-12-27,0.13517061,0.0023275146,1.8886749,0.009049782,0.008348981,2.7658386
2024-12-28,0.13454604,0.0019622599,1.888622,0.009258385,0.009127915,2.7668824
2024-12-29,0.13477339,0.0015574282,1.8867047,0.00944244,0.010334298,2.7704697
2024-12-30,0.13469964,0.0013152021,1.8847766,0.009313257,0.009334946,2.7771046
2024-12-31,0.1340978,0.0011709586,1.885402,0.009120693,0.008287483,2.7839744
2025-01-01,0.13311034,0.0011017566,1.8832238,0.009184411,0.008197088,2.782039
